Div,Date,Time,HomeTeam,AwayTeam,Referee,B365H,B365D,B365A,BFDH,BFDD,BFDA,BVH,BVD,BVA,BWH,BWD,BWA,PPH,PPD,PPA,SKBH,SKBD,SKBA,MaxH,MaxD,MaxA,AvgH,AvgD,AvgA,BFEH,BFED,BFEA,B365>2.5,B365<2.5,Max>2.5,Max<2.5,Avg>2.5,Avg<2.5,BFE>2.5,BFE<2.5,AHh,B365AHH,B365AHA,MaxAHH,MaxAHA,AvgAHH,AvgAHA,BFEAHH,BFEAHA,B365CH,B365CD,B365CA,BFDCH,BFDCD,BFDCA,BVCH,BVCD,BVCA,BWCH,BWCD,BWCA,PPCH,PPCD,PPCA,SKBCH,SKBCD,SKBCA,MaxCH,MaxCD,MaxCA,AvgCH,AvgCD,AvgCA,BFECH,BFECD,BFECA,B365C>2.5,B365C<2.5,MaxC>2.5,MaxC<2.5,AvgC>2.5,AvgC<2.5,BFEC>2.5,BFEC<2.5,AHCh,B365CAHH,B365CAHA,MaxCAHH,MaxCAHA,AvgCAHH,AvgCAHA,BFECAHH,BFECAHA
B1,04/09/2026,19:45,Lommel SK,Club Brugge,,8.5,5.25,1.29,9.5,6,1.22,9.5,6,1.25,8.25,6.5,1.29,10,6,1.18,9,5.5,1.2,10,6.5,1.3,8.83,5.93,1.25,9.8,6.2,1.32,1.3,3.5,1.3,3.5,1.29,3.4,1.35,3.7,1.75,1.85,1.95,1.85,1.95,1.82,1.9,1.97,1.96,,,,,,,,,,,,,,,,,,,,,,,,,,,,,,,,,,,,,,,,,,,,
B1,05/09/2026,15:00,Charleroi,St. Gilloise,,3.1,3.3,2.1,3.1,3.3,2.15,3.1,3.3,2.15,3.25,3.5,2.15,3,3.3,2.1,3,3.25,2.1,3.25,3.5,2.2,3.11,3.37,2.14,3.35,3.4,2.24,1.95,1.85,1.95,1.91,1.87,1.84,1.97,1.92,0.25,1.9,1.9,1.9,1.9,1.88,1.85,1.97,1.92,,,,,,,,,,,,,,,,,,,,,,,,,,,,,,,,,,,,,,,,,,,,
B1,05/09/2026,17:15,Mechelen,Westerlo,,2.05,3.5,3.1,2.05,3.6,3.1,2.05,3.6,3.1,2.15,3.6,3.2,2,3.6,3,2,3.5,2.9,2.15,3.7,3.2,2.07,3.6,3.08,2.1,2.96,3.1,1.6,2.3,1.62,2.38,1.58,2.29,1.55,2.02,-0.25,1.85,1.95,1.85,1.95,1.81,1.91,1.81,1.96,,,,,,,,,,,,,,,,,,,,,,,,,,,,,,,,,,,,,,,,,,,,
B1,05/09/2026,19:45,St Truiden,RAAL La Louviere,,1.6,3.7,4.75,1.6,3.75,5,1.57,3.9,5,1.66,4,5,1.57,3.8,5,1.55,3.75,4.75,1.66,4.2,5,1.6,3.92,4.93,1.6,4.3,1.1,1.7,2.1,1.75,2.1,1.71,2.05,1.73,1.43,-0.75,1.78,2.03,1.8,2.03,1.76,1.98,1.79,2.08,,,,,,,,,,,,,,,,,,,,,,,,,,,,,,,,,,,,,,,,,,,,
B1,05/09/2026,19:45,Standard,Antwerp,,2.15,3.2,3.2,2.1,3.5,3,2.1,3.4,3.13,2.2,3.6,3.1,2.1,3.4,3,2.1,3.3,2.9,2.2,3.6,3.25,2.14,3.42,3.09,2.14,3.45,3,1.8,2,1.8,2,1.78,1.95,1.71,1.95,-0.25,1.88,1.93,1.88,1.93,1.85,1.88,1.82,1.94,,,,,,,,,,,,,,,,,,,,,,,,,,,,,,,,,,,,,,,,,,,,
B1,06/09/2026,12:30,Cercle Brugge,Gent,,2.75,3.4,2.25,2.75,3.5,2.3,2.75,3.5,2.25,2.85,3.6,2.3,2.63,3.5,2.3,2.6,3.4,2.25,2.85,3.6,2.35,2.75,3.49,2.29,2.78,3.6,2.34,1.7,2.1,1.7,2.2,1.66,2.13,1.71,2.16,0,2.08,1.73,2.08,1.73,2.05,1.71,,,,,,,,,,,,,,,,,,,,,,,,,,,,,,,,,,,,,,,,,,,,,,
B1,06/09/2026,15:00,Kortrijk,Waregem,,3.1,3.4,2.1,3,3.5,2.1,3.13,3.5,2.05,3.1,3.6,2.15,3,3.5,2.05,2.9,3.4,2.05,3.25,3.6,2.15,3.09,3.49,2.1,3.15,3.45,1.35,1.67,2.15,1.7,2.2,1.66,2.13,1.61,2.04,0.25,2,1.8,2,1.85,1.94,1.79,,,,,,,,,,,,,,,,,,,,,,,,,,,,,,,,,,,,,,,,,,,,,,
B1,06/09/2026,17:30,Anderlecht,Genk,,2.38,3.4,2.7,2.3,3.5,2.75,2.3,3.4,2.7,2.45,3.6,2.7,2.3,3.5,2.63,2.25,3.4,2.6,2.45,3.6,2.75,2.35,3.47,2.69,2.4,3.5,2.78,1.7,2.1,1.7,3.25,1.65,2.18,1.71,1.24,-0.25,2.03,1.78,2.08,1.78,2.04,1.72,,,,,,,,,,,,,,,,,,,,,,,,,,,,,,,,,,,,,,,,,,,,,,
B1,06/09/2026,18:15,Beveren,Oud-Heverlee Leuven,,2,3.5,3.4,2.05,3.6,3.1,2.05,3.6,3.1,2.05,3.8,3.25,1.95,3.6,3,1.95,3.5,3,2.05,4,3.4,2.02,3.65,3.15,1.98,3.75,3.1,1.6,2.3,1.67,2.38,1.58,2.27,1.5,2.36,-0.5,2.08,1.73,2.08,1.8,1.99,1.74,1.98,1.73,,,,,,,,,,,,,,,,,,,,,,,,,,,,,,,,,,,,,,,,,,,,
D1,04/09/2026,19:30,Stuttgart,FC Koln,,1.48,5,5.5,1.44,5,6,1.45,5,5.75,1.49,5,5.5,1.44,4.75,5.5,1.44,5,5.5,1.49,5,6,1.46,4.98,5.61,1.53,5.2,6.4,1.36,3.2,1.38,3.3,1.35,3.11,1.4,3.4,-1.25,1.95,1.9,1.95,1.9,1.92,1.82,2.05,1.91,,,,,,,,,,,,,,,,,,,,,,,,,,,,,,,,,,,,,,,,,,,,
D1,05/09/2026,14:30,Hoffenheim,Dortmund,,2.88,3.9,2.2,2.88,4,2.2,2.75,3.7,2.15,2.9,3.75,2.2,2.88,3.8,2.15,2.8,3.8,2.15,2.9,4,2.3,2.84,3.8,2.2,3,4,2.38,1.44,2.75,1.48,2.88,1.43,2.72,1.51,2.9,0.25,1.88,1.98,1.88,1.98,1.83,1.92,1.9,2.08,,,,,,,,,,,,,,,,,,,,,,,,,,,,,,,,,,,,,,,,,,,,
D1,05/09/2026,14:30,Leverkusen,Union Berlin,,1.44,4.75,6.25,1.44,5,6.5,1.4,4.6,6,1.46,4.8,6,1.4,4.75,6.5,1.4,4.75,6.25,1.46,5,6.6,1.43,4.8,6.16,1.48,5.2,7.2,1.44,2.75,1.45,3,1.41,2.8,1.47,3.05,-1.25,1.93,1.93,1.93,1.93,1.86,1.88,1.98,1.96,,,,,,,,,,,,,,,,,,,,,,,,,,,,,,,,,,,,,,,,,,,,
D1,05/09/2026,14:30,M'gladbach,Elversberg,,1.9,3.75,3.8,1.83,4,3.75,1.8,3.7,3.6,1.9,3.75,3.8,1.87,3.75,3.8,1.85,3.75,3.8,1.9,4,3.9,1.86,3.78,3.76,1.96,4,4,1.57,2.38,1.6,2.4,1.56,2.35,1.63,2.5,-0.5,1.88,1.98,1.88,1.98,1.83,1.92,1.96,2.02,,,,,,,,,,,,,,,,,,,,,,,,,,,,,,,,,,,,,,,,,,,,
D1,05/09/2026,14:30,Paderborn,Freiburg,,3.6,3.6,1.95,3.4,3.75,2,3.3,3.5,1.95,3.25,3.8,2.05,3.5,3.6,1.95,3.5,3.6,1.95,3.6,3.8,2.05,3.41,3.65,1.99,3.75,3.85,2.06,1.67,2.2,1.67,2.2,1.64,2.19,1.71,2.34,0.5,1.83,2.03,1.83,2.03,1.77,1.97,,,,,,,,,,,,,,,,,,,,,,,,,,,,,,,,,,,,,,,,,,,,,,
D1,05/09/2026,14:30,Werder Bremen,RB Leipzig,,4.33,4,1.73,4,4.2,1.8,3.9,3.9,1.7,4,3.9,1.8,4.2,4,1.73,4.2,4,1.73,4.33,4.2,1.8,4.04,4.03,1.75,4.5,4.3,1.81,1.5,2.63,1.5,2.7,1.46,2.63,1.51,2.9,0.75,1.88,1.98,1.88,1.98,1.83,1.91,1.95,2.01,,,,,,,,,,,,,,,,,,,,,,,,,,,,,,,,,,,,,,,,,,,,
D1,05/09/2026,17:30,Schalke 04,Bayern Munich,,15,7.5,1.17,15,8.5,1.14,13,8,1.12,11.5,9,1.18,15,9,1.13,13,8.5,1.13,16,9,1.18,13.58,8.32,1.15,18,10,1.17,1.22,4.33,1.25,4.33,1.22,4.12,1.25,4.7,2.25,2,1.85,2,1.85,1.95,1.8,2.05,1.89,,,,,,,,,,,,,,,,,,,,,,,,,,,,,,,,,,,,,,,,,,,,
D1,06/09/2026,14:30,Hamburg,Mainz,,2.88,3.5,2.4,2.8,3.6,2.38,2.7,3.4,2.3,2.85,3.6,2.3,2.7,3.6,2.3,2.7,3.6,2.38,2.88,3.6,2.48,2.76,3.51,2.37,2.96,3.7,2.52,1.73,2.1,1.73,2.2,1.67,2.12,1.77,2.22,0.25,1.8,2.05,1.8,2.1,1.73,2.04,1.83,2.18,,,,,,,,,,,,,,,,,,,,,,,,,,,,,,,,,,,,,,,,,,,,
D1,06/09/2026,16:30,Ein Frankfurt,Augsburg,,1.91,3.9,3.6,1.91,4.2,3.4,1.87,3.8,3.3,1.9,4.1,3.5,1.9,4,3.4,1.91,4,3.4,1.95,4.2,3.6,1.91,3.97,3.42,1.98,4.2,3.7,1.5,2.63,1.5,2.88,1.43,2.68,1.51,2.82,-0.5,1.93,1.93,1.93,1.93,1.87,1.85,1.98,2,,,,,,,,,,,,,,,,,,,,,,,,,,,,,,,,,,,,,,,,,,,,
D2,04/09/2026,17:30,Bielefeld,St Pauli,,2.25,3.4,2.75,2.25,3.6,2.75,2.3,3.6,2.75,2.35,3.7,2.8,2.2,3.6,2.75,2.15,3.5,2.7,2.35,3.7,2.85,2.27,3.57,2.77,2.44,3.8,2.98,1.6,2.3,1.62,2.38,1.59,2.26,1.67,2.44,-0.25,2.08,1.73,2.08,1.8,1.99,1.75,2.12,1.86,,,,,,,,,,,,,,,,,,,,,,,,,,,,,,,,,,,,,,,,,,,,
D2,04/09/2026,17:30,Hannover,Karlsruhe,,1.5,4.5,5.25,1.5,4.5,5,1.5,4.6,5.25,1.57,4.5,5,1.5,4.33,5,1.5,4.2,4.8,1.57,4.6,5.5,1.51,4.46,5.13,1.59,4.8,5.9,1.36,3.1,1.38,3.3,1.35,3.01,1.41,3.3,-1,1.78,2.03,1.83,2.03,1.78,1.95,1.89,2.06,,,,,,,,,,,,,,,,,,,,,,,,,,,,,,,,,,,,,,,,,,,,
D2,05/09/2026,12:00,Holstein Kiel,Nurnberg,,2.4,3.4,2.63,2.3,3.6,2.63,2.25,3.6,2.75,2.3,3.7,2.8,2.3,3.6,2.63,2.25,3.5,2.5,2.4,3.7,2.88,2.31,3.55,2.72,2.4,3.8,3,1.57,2.35,1.6,2.38,1.56,2.3,1.63,2.5,-0.25,2,1.8,2.05,1.8,1.98,1.75,2.09,1.87,,,,,,,,,,,,,,,,,,,,,,,,,,,,,,,,,,,,,,,,,,,,
D2,05/09/2026,12:00,Kaiserslautern,Darmstadt,,2.2,3.5,2.9,2.2,3.5,2.88,2.15,3.5,2.9,2.25,3.7,2.95,2.15,3.5,2.88,2.15,3.4,2.8,2.25,3.7,3,2.19,3.52,2.91,2.26,3.75,3.15,1.67,2.15,1.67,2.2,1.64,2.15,1.69,2.22,-0.25,1.95,1.85,1.95,1.85,1.91,1.82,1.96,1.95,,,,,,,,,,,,,,,,,,,,,,,,,,,,,,,,,,,,,,,,,,,,
D2,05/09/2026,12:00,Wolfsburg,Cottbus,,1.29,5.25,8,1.29,5,8.5,1.25,5.5,9,1.3,6,8.5,1.25,5.5,8.5,1.25,5.25,7.5,1.3,6,9.2,1.28,5.44,8.48,1.33,6,10,1.4,2.88,1.42,2.9,1.39,2.79,1.43,3.15,-1.5,1.78,2.03,1.83,2.03,1.76,1.95,1.83,2.12,,,,,,,,,,,,,,,,,,,,,,,,,,,,,,,,,,,,,,,,,,,,
D2,05/09/2026,19:30,Dresden,Bochum,,2.05,3.5,3.1,2.05,3.6,3.1,2.05,3.6,3.1,2.15,3.6,3.2,2,3.7,3,2,3.5,2.9,2.15,3.7,3.2,2.07,3.58,3.08,2.16,3.85,3.3,1.62,2.25,1.63,2.25,1.6,2.21,1.68,2.3,-0.25,1.83,1.98,1.83,1.98,1.81,1.92,1.88,2.04,,,,,,,,,,,,,,,,,,,,,,,,,,,,,,,,,,,,,,,,,,,,
D2,06/09/2026,12:30,Greuther Furth,Heidenheim,,2.88,3.5,2.2,2.75,3.75,2.2,2.8,3.75,2.15,2.85,3.75,2.25,2.7,3.7,2.2,2.63,3.5,2.15,2.88,3.75,2.25,2.79,3.67,2.2,2.98,3.75,2.14,1.5,2.5,1.55,2.63,1.48,2.51,1.52,1.25,0.25,1.85,1.95,1.85,1.95,1.81,1.92,,,,,,,,,,,,,,,,,,,,,,,,,,,,,,,,,,,,,,,,,,,,,,
D2,06/09/2026,12:30,Hertha,Magdeburg,,1.9,3.6,3.6,1.9,3.75,3.3,1.87,3.8,3.4,1.95,3.9,3.4,1.85,3.8,3.3,1.83,3.6,3.25,1.98,3.9,3.6,1.9,3.77,3.4,1.94,4.1,3.65,1.48,2.6,1.5,2.63,1.45,2.59,1.48,2.78,-0.5,1.9,1.9,1.93,1.9,1.87,1.84,1.94,1.95,,,,,,,,,,,,,,,,,,,,,,,,,,,,,,,,,,,,,,,,,,,,
D2,06/09/2026,12:30,Osnabruck,Braunschweig,,2.35,3.3,2.8,2.25,3.5,2.8,2.2,3.5,2.88,2.3,3.6,2.95,2.2,3.4,2.8,2.15,3.3,2.75,2.35,3.6,3,2.24,3.44,2.87,2.32,3.6,3,1.7,2.1,1.77,2.1,1.7,2.05,1.64,2.1,-0.25,1.98,1.83,1.98,1.83,1.93,1.79,2.01,1.86,,,,,,,,,,,,,,,,,,,,,,,,,,,,,,,,,,,,,,,,,,,,
E0,04/09/2026,20:00,Ipswich,Liverpool,D England,5.25,4.75,1.5,5.5,5,1.5,5.75,4.8,1.5,5,4.8,1.53,5.5,4.75,1.44,5.5,5,1.44,5.8,5,1.54,5.48,4.8,1.5,6.2,5.2,1.54,1.4,3,1.42,3.1,1.37,2.99,1.44,3.2,1.25,1.8,2.05,1.8,2.08,1.77,1.99,1.88,2.09,,,,,,,,,,,,,,,,,,,,,,,,,,,,,,,,,,,,,,,,,,,,
E0,05/09/2026,12:30,Newcastle,Bournemouth,R Jones,2.1,3.6,3.3,2.15,3.75,3.1,2.1,3.8,3.2,2.1,3.75,3.1,2.05,3.5,3.3,2.05,3.5,3.25,2.15,3.8,3.3,2.1,3.64,3.19,2.18,3.8,3.5,1.57,2.38,1.6,2.4,1.55,2.37,1.64,2.52,-0.25,1.83,2.03,1.83,2.03,1.8,1.95,1.9,2.09,,,,,,,,,,,,,,,,,,,,,,,,,,,,,,,,,,,,,,,,,,,,
E0,05/09/2026,15:00,Brentford,Sunderland,T Bramall,1.62,3.9,5.5,1.62,4,5.5,1.62,4,5.25,1.61,4,5.25,1.62,3.8,5.5,1.62,3.8,5.25,1.67,4,5.5,1.62,3.9,5.29,1.69,4.1,5.9,1.8,2,2.1,2,1.82,1.93,1.92,2.06,-0.75,1.83,2.03,1.83,2.03,1.78,1.98,1.88,2.1,,,,,,,,,,,,,,,,,,,,,,,,,,,,,,,,,,,,,,,,,,,,
E0,05/09/2026,15:00,Brighton,Leeds,S Attwell,1.95,3.5,3.9,1.95,3.6,3.75,1.95,3.6,3.75,1.95,3.6,3.7,1.95,3.5,3.75,1.95,3.4,3.75,2.38,3.6,3.9,1.98,3.52,3.68,2.06,3.65,4,1.91,1.91,2.1,1.95,1.85,1.89,1.93,2.04,-0.5,1.98,1.88,1.98,1.88,1.9,1.83,2.06,1.93,,,,,,,,,,,,,,,,,,,,,,,,,,,,,,,,,,,,,,,,,,,,
E0,05/09/2026,15:00,Fulham,Crystal Palace,S Barrott,2.3,3.25,3.25,2.3,3.5,3,2.25,3.5,3.1,2.25,3.4,3.1,2.25,3.3,3.1,2.25,3.25,3.1,3,3.5,3.25,2.32,3.37,3.03,2.36,3.5,3.35,1.91,1.91,2.5,1.93,1.89,1.86,1.97,2,-0.25,1.98,1.88,1.98,1.88,1.93,1.81,2.02,1.94,,,,,,,,,,,,,,,,,,,,,,,,,,,,,,,,,,,,,,,,,,,,
E0,05/09/2026,15:00,Man City,Coventry,P Tierney,1.18,8,12,1.17,7.5,15,1.15,8,15,1.2,7.5,12.5,1.14,8,15,1.14,7.5,13,1.2,8.5,15.5,1.17,7.64,13.85,1.19,8.8,18,1.36,3.2,1.36,3.25,1.34,3.17,1.38,3.5,-2.25,2.03,1.78,2.03,1.83,1.97,1.77,2.05,1.91,,,,,,,,,,,,,,,,,,,,,,,,,,,,,,,,,,,,,,,,,,,,
E0,05/09/2026,15:00,Nott'm Forest,Tottenham,C Pawson,2.4,3.4,2.9,2.4,3.4,2.88,2.38,3.4,2.9,2.45,3.25,2.87,2.38,3.3,2.88,2.38,3.3,2.88,2.5,3.4,2.9,2.4,3.36,2.86,2.52,3.55,3.05,1.91,1.91,2.38,1.91,1.91,1.83,1.98,1.99,-0.25,2.05,1.8,2.05,1.8,2,1.75,2.16,1.84,,,,,,,,,,,,,,,,,,,,,,,,,,,,,,,,,,,,,,,,,,,,
E0,05/09/2026,17:30,Hull,Aston Villa,M Oliver,4.2,3.6,1.85,4,3.75,1.83,4.1,3.6,1.87,4.1,3.6,1.85,4,3.6,1.85,3.9,3.6,1.85,4.2,3.75,1.9,4.04,3.62,1.86,4.3,3.85,1.95,1.88,1.98,1.88,1.98,1.83,1.91,1.94,2.02,0.5,1.98,1.88,1.98,1.88,1.91,1.82,2.04,1.95,,,,,,,,,,,,,,,,,,,,,,,,,,,,,,,,,,,,,,,,,,,,
E0,06/09/2026,14:00,Everton,Man United,J Brooks,3.3,3.5,2.1,3.2,3.6,2.15,3.13,3.6,2.1,3.1,3.6,2.2,3.3,3.5,2.1,3.25,3.5,2.1,3.3,3.6,2.2,3.21,3.54,2.12,3.45,3.75,2.22,1.73,2.1,1.73,2.2,1.67,2.12,1.75,2.26,0.25,2,1.85,2,1.85,1.93,1.81,2.05,1.92,,,,,,,,,,,,,,,,,,,,,,,,,,,,,,,,,,,,,,,,,,,,
E0,06/09/2026,16:30,Arsenal,Chelsea,C Kavanagh,1.67,3.75,5.25,1.7,4,4.6,1.67,3.8,4.75,1.66,3.9,5,1.7,3.8,4.5,1.7,3.8,4.5,1.73,4,5.25,1.69,3.8,4.82,1.75,4,5.3,1.73,2.1,1.77,2.1,1.73,2.03,1.81,2.18,-0.75,1.88,1.98,1.88,1.98,1.84,1.9,1.96,2,,,,,,,,,,,,,,,,,,,,,,,,,,,,,,,,,,,,,,,,,,,,
E1,05/09/2026,12:30,Lincoln,Southampton,A Kitchen,4.2,3.8,1.76,4,3.75,1.83,4.2,3.9,1.75,4,3.8,1.83,4,3.8,1.75,4,3.8,1.75,4.2,4,1.84,4.06,3.83,1.79,4.3,4.1,1.85,1.73,2.1,1.73,2.15,1.68,2.11,1.74,2.24,0.5,2.03,1.78,2.03,1.8,1.98,1.76,2.14,1.86,,,,,,,,,,,,,,,,,,,,,,,,,,,,,,,,,,,,,,,,,,,,
E1,05/09/2026,12:30,Preston,Blackburn,A Backhouse,2.3,3.25,3,2.4,3.4,2.88,2.38,3.4,2.9,2.4,3.3,2.9,2.38,3.25,3,2.38,3.2,3,2.46,3.4,3,2.37,3.32,2.93,2.52,3.4,3.05,2,1.85,2,1.85,1.96,1.79,2.04,1.9,-0.25,2.05,1.8,2.05,1.8,2,1.75,2.15,1.83,,,,,,,,,,,,,,,,,,,,,,,,,,,,,,,,,,,,,,,,,,,,
E1,05/09/2026,12:30,Stoke,Charlton,R Madley,2.05,3.25,3.5,2.15,3.4,3.4,2.1,3.4,3.5,2.15,3.3,3.5,2.1,3.3,3.4,2.05,3.3,3.4,2.18,3.4,3.6,2.11,3.29,3.49,2.24,3.4,3.65,2.1,1.73,2.1,1.75,2.08,1.7,2.2,1.79,-0.25,1.83,2.03,1.83,2.03,1.79,1.96,1.91,2.04,,,,,,,,,,,,,,,,,,,,,,,,,,,,,,,,,,,,,,,,,,,,
E1,05/09/2026,15:00,Burnley,Bristol City,G Ward,1.81,3.6,4,1.83,3.75,4,1.87,3.6,4,1.9,3.6,4,1.91,3.5,3.8,1.91,3.5,3.8,1.91,3.8,4.1,1.87,3.63,3.93,1.99,3.8,4.2,1.83,2.03,1.83,2.03,1.8,1.95,1.92,2,-0.5,1.88,1.98,1.88,1.98,1.82,1.91,1.99,2,,,,,,,,,,,,,,,,,,,,,,,,,,,,,,,,,,,,,,,,,,,,
E1,05/09/2026,15:00,Millwall,Bolton,W Finnie,1.86,3.4,4,1.8,3.4,4.5,1.91,3.5,4,1.93,3.4,4.1,1.91,3.3,4.2,1.91,3.25,4.2,1.95,3.5,4.5,1.89,3.38,4.19,2,3.5,4.5,2,1.8,2.05,1.8,2,1.75,2.12,1.82,-0.5,1.93,1.93,1.93,2,1.85,1.88,2.02,1.97,,,,,,,,,,,,,,,,,,,,,,,,,,,,,,,,,,,,,,,,,,,,
E1,05/09/2026,15:00,Portsmouth,Cardiff,B Speedie,2.32,3.4,2.85,2.4,3.6,2.75,2.38,3.5,2.8,2.4,3.5,2.8,2.3,3.5,2.8,2.3,3.5,2.8,2.4,3.6,3,2.36,3.5,2.81,2.48,3.75,2.98,1.73,2.1,1.77,2.1,1.7,2.07,1.79,2.22,-0.25,2.05,1.8,2.05,1.8,1.99,1.76,2.15,1.85,,,,,,,,,,,,,,,,,,,,,,,,,,,,,,,,,,,,,,,,,,,,
E1,05/09/2026,15:00,QPR,Middlesbrough,A Madley,3.2,3.4,2.15,3.2,3.6,2.15,3.13,3.6,2.15,3.2,3.5,2.2,3,3.5,2.2,3,3.5,2.2,3.35,3.6,2.25,3.14,3.52,2.17,3.25,3.75,2.3,1.73,2.1,1.77,2.1,1.73,2.03,1.77,2.24,0.25,1.93,1.93,1.93,1.93,1.89,1.85,1.97,2,,,,,,,,,,,,,,,,,,,,,,,,,,,,,,,,,,,,,,,,,,,,
E1,05/09/2026,15:00,Sheffield United,Norwich,J Smith,2.55,3.3,2.57,2.5,3.6,2.63,2.55,3.5,2.63,2.55,3.5,2.6,2.5,3.4,2.7,2.5,3.4,2.7,2.6,3.6,2.7,2.53,3.47,2.64,2.66,3.6,2.84,1.8,2,1.8,2,1.77,1.97,1.85,2.1,0,1.88,1.98,1.88,1.98,1.84,1.91,1.93,2.05,,,,,,,,,,,,,,,,,,,,,,,,,,,,,,,,,,,,,,,,,,,,
E1,05/09/2026,15:00,West Brom,Watford,M Salisbury,1.81,3.6,4,1.9,3.6,4,1.85,3.6,4.1,1.9,3.5,4.1,1.83,3.6,4,1.83,3.5,4,1.91,3.6,4.2,1.86,3.56,4.07,1.93,3.8,4.3,1.91,1.91,1.91,1.95,1.85,1.88,1.94,1.99,-0.5,1.88,1.98,1.88,1.98,1.81,1.91,1.93,2.06,,,,,,,,,,,,,,,,,,,,,,,,,,,,,,,,,,,,,,,,,,,,
E1,05/09/2026,15:00,West Ham,Derby,O Langford,1.33,5,7.5,1.33,5,9,1.36,4.8,8.5,1.39,5,7.5,1.36,4.75,8,1.36,4.6,7.5,1.39,5,9.1,1.36,4.85,8.01,1.43,5.1,8.8,1.67,2.2,1.7,2.2,1.67,2.12,1.73,2.28,-1.25,1.88,1.98,1.88,1.98,1.82,1.92,1.92,2.01,,,,,,,,,,,,,,,,,,,,,,,,,,,,,,,,,,,,,,,,,,,,
E1,05/09/2026,20:00,Swansea,Wrexham,E Bell,2.15,3.25,3.3,2.25,3.5,3.3,2.15,3.4,3.3,2.15,3.3,3.4,2.15,3.3,3.3,2.15,3.3,3.25,2.25,3.5,3.4,2.17,3.37,3.27,2.28,3.55,3.5,2,1.85,2,1.85,1.93,1.81,2.06,1.9,-0.25,1.88,1.98,1.88,1.98,1.84,1.91,1.96,2.01,,,,,,,,,,,,,,,,,,,,,,,,,,,,,,,,,,,,,,,,,,,,
E1,06/09/2026,12:00,Birmingham,Wolves,A Herczeg,2.85,3.25,2.35,2.88,3.4,2.4,2.8,3.2,2.38,3,3.25,2.4,2.8,3.3,2.4,2.8,3.3,2.4,3,3.4,2.46,2.87,3.24,2.41,3,3.45,2.56,2.1,1.73,2.1,1.73,2.06,1.71,2.12,1.84,0.25,1.78,2.1,1.78,2.1,1.72,2.04,1.8,2.18,,,,,,,,,,,,,,,,,,,,,,,,,,,,,,,,,,,,,,,,,,,,
E2,05/09/2026,12:30,Peterboro,Sheffield Weds,A Humphries,3.1,3.5,2.1,3.1,4,2.1,2.9,3.75,2.2,3.1,3.7,2.1,3.1,3.8,2.1,3,3.6,2.05,3.2,4,2.2,3.01,3.73,2.12,3,3.9,2.24,1.53,2.4,1.55,2.45,1.52,2.39,1.56,2.5,0.25,1.9,1.95,1.93,1.95,1.87,1.86,1.92,1.97,,,,,,,,,,,,,,,,,,,,,,,,,,,,,,,,,,,,,,,,,,,,
E2,05/09/2026,12:30,Wigan,Stockport,T Parsons,3,3.4,2.2,3,3.6,2.25,3,3.6,2.2,2.9,3.6,2.2,3,3.5,2.2,2.9,3.4,2.2,3.2,3.6,2.25,2.99,3.5,2.21,3.2,3.65,2.28,1.7,2.1,1.77,2.1,1.71,2.03,1.77,2.14,0.25,1.88,1.98,1.88,1.98,1.83,1.91,2,1.97,,,,,,,,,,,,,,,,,,,,,,,,,,,,,,,,,,,,,,,,,,,,
E2,05/09/2026,15:00,Barnsley,Stevenage,N Hair,2.05,3.3,3.4,2,3.4,3.4,2.1,3.4,3.4,2.15,3.3,3.2,2.05,3.3,3.6,2,3.25,3.5,2.25,3.4,3.6,2.1,3.33,3.35,2.12,3.5,3.8,1.98,1.88,2,1.88,1.93,1.8,1.96,1.88,-0.25,1.83,2.03,1.85,2.03,1.79,1.95,1.85,2.07,,,,,,,,,,,,,,,,,,,,,,,,,,,,,,,,,,,,,,,,,,,,
E2,05/09/2026,15:00,Bradford,Mansfield,Z Kennard-Kettle,1.79,3.6,4,1.9,3.6,4,1.87,3.6,4,1.85,3.6,3.9,1.85,3.6,4,1.83,3.5,3.8,1.9,3.6,4.2,1.86,3.55,3.96,1.91,3.85,4.4,1.9,1.95,1.9,1.95,1.82,1.91,1.85,1.98,-0.5,1.85,2,1.85,2,1.82,1.9,1.91,2.08,,,,,,,,,,,,,,,,,,,,,,,,,,,,,,,,,,,,,,,,,,,,
E2,05/09/2026,15:00,Burton,Cambridge,E Swallow,2.65,3.25,2.45,2.6,3.4,2.63,2.75,3.25,2.55,2.75,3.25,2.45,2.63,3.2,2.7,2.6,3.1,2.63,2.75,3.4,2.7,2.66,3.27,2.55,2.82,3.4,2.78,2.08,1.73,2.1,1.77,2.03,1.72,2.18,1.78,0,2.03,1.83,2.03,1.85,1.93,1.8,1.98,1.97,,,,,,,,,,,,,,,,,,,,,,,,,,,,,,,,,,,,,,,,,,,,
E2,05/09/2026,15:00,Doncaster,Plymouth,M Corlett,2.35,3.4,2.7,2.4,3.6,2.75,2.45,3.5,2.7,2.4,3.5,2.7,2.38,3.6,2.7,2.3,3.5,2.63,2.5,3.6,2.8,2.38,3.51,2.71,2.52,3.55,2.78,1.75,2.05,1.8,2.05,1.73,2.01,1.68,2.1,0,1.8,2.05,1.8,2.05,1.76,1.99,1.88,2.05,,,,,,,,,,,,,,,,,,,,,,,,,,,,,,,,,,,,,,,,,,,,
E2,05/09/2026,15:00,Huddersfield,Notts County,R Martin,1.57,3.8,5,1.7,4,4.6,1.65,3.9,5,1.66,3.9,4.6,1.67,3.8,4.75,1.67,3.75,4.6,1.73,4,5,1.65,3.86,4.77,1.71,4.2,5.5,1.83,2.03,1.83,2.03,1.79,1.94,1.81,2.08,-0.75,1.85,2,1.9,2,1.81,1.92,1.91,2.05,,,,,,,,,,,,,,,,,,,,,,,,,,,,,,,,,,,,,,,,,,,,
E2,05/09/2026,15:00,Leicester,Oxford,D Whitestone,1.62,3.75,4.75,1.67,3.75,4.5,1.67,3.9,4.8,1.7,3.9,4.4,1.73,3.8,4.5,1.73,3.6,4.33,1.73,4,5,1.68,3.82,4.56,1.71,4.1,5.1,1.8,2,1.8,2,1.76,1.98,1.82,2.14,-0.75,1.88,1.98,1.88,1.98,1.84,1.9,1.9,2,,,,,,,,,,,,,,,,,,,,,,,,,,,,,,,,,,,,,,,,,,,,
E2,05/09/2026,15:00,Luton,Leyton Orient,O Yates,1.62,4,4.5,1.67,4.2,4.6,1.67,4.1,4.5,1.7,4.1,4.2,1.62,4,4.75,1.62,3.9,4.6,1.7,4.2,4.8,1.66,4.02,4.5,1.72,4.1,4.7,1.6,2.3,1.62,2.3,1.58,2.26,1.19,2.52,-0.75,1.88,1.98,1.88,1.98,1.82,1.91,1.9,1.99,,,,,,,,,,,,,,,,,,,,,,,,,,,,,,,,,,,,,,,,,,,,
E2,05/09/2026,15:00,Reading,Blackpool,D Rock,1.91,3.4,3.75,2.05,3.6,3.4,1.95,3.6,3.6,2,3.5,3.4,2,3.6,3.3,2,3.5,3.25,2.05,3.8,3.75,1.97,3.56,3.47,1.99,3.75,3.75,1.75,2.05,1.8,2.05,1.75,1.98,1.76,2.1,-0.5,1.98,1.88,2,1.88,1.93,1.79,1.99,1.9,,,,,,,,,,,,,,,,,,,,,,,,,,,,,,,,,,,,,,,,,,,,
E2,05/09/2026,15:00,Wycombe,Milton Keynes Dons,S Martin,2.25,3.4,2.82,2.3,3.6,2.88,2.25,3.5,3,2.25,3.5,2.87,2.3,3.5,2.88,2.3,3.4,2.8,2.35,3.6,3,2.27,3.5,2.88,2.32,3.6,3.05,1.75,2.05,1.8,2.05,1.74,2,1.8,2.06,-0.25,2,1.85,2,1.85,1.94,1.8,2.01,1.93,,,,,,,,,,,,,,,,,,,,,,,,,,,,,,,,,,,,,,,,,,,,
E2,07/09/2026,20:00,Bromley,AFC Wimbledon,L Sandoe,2.32,3.25,2.82,2.3,3.5,3,2.3,3.3,2.8,2.45,3.4,2.7,2.3,3.4,2.88,2.2,3.25,2.75,2.45,3.5,3.1,2.32,3.37,2.83,2.42,3.4,2.96,1.95,1.9,1.95,1.9,1.9,1.82,1.01,1.83,-0.25,2.1,1.78,2.1,1.8,2,1.75,,,,,,,,,,,,,,,,,,,,,,,,,,,,,,,,,,,,,,,,,,,,,,
E3,05/09/2026,12:30,Fleetwood Town,Shrewsbury,E Duckworth,1.86,3.4,4,1.95,3.5,4,1.9,3.5,4,1.9,3.5,3.8,1.91,3.5,3.8,1.91,3.4,3.8,1.95,3.6,4,1.9,3.45,3.87,1.9,3.55,4.6,2.05,1.75,2.05,1.8,1.99,1.74,2.04,1.78,-0.5,1.93,1.93,1.93,1.93,1.86,1.86,1.9,2.05,,,,,,,,,,,,,,,,,,,,,,,,,,,,,,,,,,,,,,,,,,,,
E3,05/09/2026,12:30,Salford,Port Vale,B Atkinson,1.81,3.5,4,1.8,3.6,4,1.83,3.6,4.2,1.83,3.5,4,1.8,3.5,4.5,1.8,3.4,4.2,1.84,3.75,4.5,1.82,3.56,4.1,1.82,3.9,4.5,1.9,1.9,1.93,1.91,1.87,1.85,1.86,1.95,-0.5,1.85,2,1.85,2,1.79,1.93,1.84,2.14,,,,,,,,,,,,,,,,,,,,,,,,,,,,,,,,,,,,,,,,,,,,
E3,05/09/2026,15:00,Accrington,Crawley Town,T Kirk,1.91,3.5,3.5,2.05,3.6,3.4,2,3.6,3.5,2,3.6,3.3,2,3.6,3.3,2,3.5,3.25,2.05,3.6,3.6,1.99,3.54,3.43,2.12,3.65,3.55,1.75,2.05,1.8,2.05,1.73,2,1.33,2.04,-0.25,1.7,2.1,1.73,2.1,1.7,2.04,1.84,2.12,,,,,,,,,,,,,,,,,,,,,,,,,,,,,,,,,,,,,,,,,,,,
E3,05/09/2026,15:00,Bristol Rvs,Rotherham,D Drysdale,1.66,4,4.1,1.73,4,4.33,1.7,4,4.4,1.72,4,4.2,1.73,3.8,4.2,1.73,3.8,4,1.73,4,4.4,1.7,3.93,4.24,1.76,4,4.6,1.6,2.3,1.65,2.3,1.6,2.22,1.66,2.42,-0.75,1.95,1.9,1.95,1.9,1.89,1.85,1.95,1.94,,,,,,,,,,,,,,,,,,,,,,,,,,,,,,,,,,,,,,,,,,,,
E3,05/09/2026,15:00,Cheltenham,Grimsby,D Baines,3.6,3.5,1.91,3.4,3.75,2,3.6,3.6,1.95,3.4,3.6,1.98,3.3,3.6,2.1,3.2,3.5,2.05,3.7,3.75,2.1,3.48,3.57,1.97,3.65,3.7,2.1,1.75,2.05,1.8,2.1,1.72,2.02,1.76,2.12,0.5,1.85,2,1.85,2,1.8,1.92,1.86,2.1,,,,,,,,,,,,,,,,,,,,,,,,,,,,,,,,,,,,,,,,,,,,
E3,05/09/2026,15:00,Chesterfield,Barnet,L Doughty,2.1,3.4,3.25,2.15,3.75,3.1,2.1,3.6,3.2,2.05,3.7,3.1,2.1,3.6,3.1,2.1,3.5,3,2.18,3.75,3.25,2.1,3.59,3.12,2.3,3.55,3.3,1.75,2.05,1.8,2.1,1.72,2.02,1.77,2.08,-0.25,1.88,1.98,1.9,1.98,1.83,1.91,1.98,1.96,,,,,,,,,,,,,,,,,,,,,,,,,,,,,,,,,,,,,,,,,,,,
E3,05/09/2026,15:00,Crewe,York,S Mather,2.82,3.3,2.32,2.75,3.4,2.5,2.88,3.4,2.38,2.85,3.4,2.35,2.7,3.4,2.5,2.63,3.3,2.45,2.88,3.4,2.5,2.79,3.35,2.4,2.8,3.55,2.6,1.85,1.95,1.85,1.95,1.82,1.89,1.85,1.99,0,2.08,1.73,2.08,1.77,2.03,1.72,2.03,1.89,,,,,,,,,,,,,,,,,,,,,,,,,,,,,,,,,,,,,,,,,,,,
E3,05/09/2026,15:00,Exeter,Walsall,B Blair,2.45,3.3,2.65,2.5,3.5,2.75,2.45,3.5,2.7,2.45,3.4,2.65,2.5,3.5,2.63,2.45,3.4,2.6,2.5,3.5,2.75,2.45,3.41,2.68,2.5,3.5,2.86,1.8,2,1.85,2,1.78,1.94,1.81,2.08,0,1.8,2.05,1.8,2.05,1.77,1.97,1.82,2.11,,,,,,,,,,,,,,,,,,,,,,,,,,,,,,,,,,,,,,,,,,,,
E3,05/09/2026,15:00,Northampton,Newport County,A Young,1.68,3.6,4.5,1.8,3.6,4.6,1.7,3.7,4.8,1.77,3.6,4.33,1.75,3.6,4.5,1.75,3.5,4.33,1.8,3.8,4.85,1.73,3.62,4.57,1.82,3.8,5,2.05,1.8,2.05,1.8,1.97,1.76,2,1.86,-0.5,1.7,2.1,1.73,2.1,1.69,2.06,1.82,2.19,,,,,,,,,,,,,,,,,,,,,,,,,,,,,,,,,,,,,,,,,,,,
E3,05/09/2026,15:00,Rochdale,Gillingham,J Robinson,2.05,3.25,3.4,2.15,3.4,3.4,2.1,3.3,3.5,2.1,3.3,3.4,2.1,3.4,3.4,2.05,3.3,3.3,2.15,3.4,3.5,2.08,3.34,3.39,2.2,3.2,3.6,2.08,1.73,2.08,1.77,2.01,1.72,2.14,1.77,-0.25,1.83,2.03,1.83,2.03,1.78,1.96,1.88,2.02,,,,,,,,,,,,,,,,,,,,,,,,,,,,,,,,,,,,,,,,,,,,
E3,05/09/2026,15:00,Swindon,Colchester,S Gill,2.45,3.25,2.65,2.5,3.5,2.75,2.55,3.5,2.6,2.55,3.4,2.55,2.5,3.4,2.63,2.45,3.3,2.6,2.55,3.5,2.75,2.5,3.39,2.63,2.6,3.6,2.78,1.83,2.03,1.85,2.03,1.8,1.93,1.87,2.04,0,1.85,2,1.85,2,1.83,1.9,1.91,2.07,,,,,,,,,,,,,,,,,,,,,,,,,,,,,,,,,,,,,,,,,,,,
E3,05/09/2026,15:00,Tranmere,Oldham,S Stockbridge,3.1,3.25,2.2,2.88,3.4,2.4,3.1,3.3,2.3,2.95,3.25,2.3,2.8,3.3,2.4,2.75,3.25,2.38,3.1,3.4,2.4,2.97,3.28,2.31,3.15,3.3,2.34,2.03,1.83,2.03,1.83,1.97,1.76,2,1.81,0.25,1.88,1.98,1.88,1.98,1.81,1.93,1.87,2,,,,,,,,,,,,,,,,,,,,,,,,,,,,,,,,,,,,,,,,,,,,
EC,04/09/2026,19:45,Altrincham,Eastleigh,A Jackson,1.95,3.5,3.3,2.05,3.5,3.2,2.05,3.4,3.2,2,3.25,3.1,2,3.5,3.1,2,3.4,3.1,2.05,3.5,3.33,2.03,3.43,3.19,2.16,3.6,3.45,1.75,2.05,1.77,2.05,1.73,2,1.84,2.08,-0.25,1.8,2,1.8,2,1.77,1.94,1.86,2.04,,,,,,,,,,,,,,,,,,,,,,,,,,,,,,,,,,,,,,,,,,,,
EC,05/09/2026,12:30,Aldershot,Halifax,M Russell,2.1,3.5,2.9,2.2,3.5,2.88,2.15,3.5,2.9,2.15,3.3,2.75,2.15,3.5,2.8,2.15,3.4,2.8,2.2,3.5,3,2.16,3.43,2.89,2.22,3.6,3.05,1.7,2.1,1.73,2.1,1.68,2.06,1.72,2.02,-0.25,1.9,1.9,1.9,1.9,1.86,1.84,1.93,1.91,,,,,,,,,,,,,,,,,,,,,,,,,,,,,,,,,,,,,,,,,,,,
EC,05/09/2026,12:30,Southend,Yeovil,T Sangowawa,1.53,3.9,5,1.57,3.75,5.5,1.55,3.9,5.25,1.55,3.8,4.75,1.5,3.8,5,1.5,3.75,5,1.58,4,5.5,1.54,3.87,5.09,1.61,4.1,5.3,1.73,2.08,1.77,2.08,1.72,2.01,1.75,2.06,-1,1.98,1.83,1.98,1.83,1.94,1.78,2.03,1.85,,,,,,,,,,,,,,,,,,,,,,,,,,,,,,,,,,,,,,,,,,,,
EC,05/09/2026,15:00,Barrow,Sutton,M Woods,2.15,3.4,2.9,2.1,3.5,3,2.1,3.4,3.1,2.05,3.3,2.95,2.05,3.5,3,2.05,3.4,2.9,2.15,3.5,3.1,2.11,3.39,3.01,2.26,3.5,3.2,1.85,1.95,1.85,2,1.79,1.92,1.87,1.92,-0.25,1.85,1.95,1.85,1.95,1.83,1.88,1.95,1.93,,,,,,,,,,,,,,,,,,,,,,,,,,,,,,,,,,,,,,,,,,,,
EC,05/09/2026,15:00,Fylde,Worthing,J O'Connor,1.75,3.75,3.8,1.73,4,3.75,1.75,3.8,3.8,1.73,3.7,3.7,1.7,3.8,3.8,1.7,3.75,3.75,1.78,4,3.9,1.74,3.82,3.76,1.81,4,3.7,1.53,2.4,1.54,2.55,1.49,2.45,1.49,2.48,-0.5,1.78,2.03,1.78,2.03,1.74,1.99,1.81,2,,,,,,,,,,,,,,,,,,,,,,,,,,,,,,,,,,,,,,,,,,,,
EC,05/09/2026,15:00,Gateshead,Solihull,D Bourne,2.4,3.5,2.5,2.4,3.6,2.5,2.4,3.6,2.5,2.37,3.3,2.45,2.38,3.6,2.5,2.38,3.5,2.45,2.5,3.6,2.55,2.41,3.46,2.5,2.54,3.75,2.6,1.57,2.35,1.6,2.35,1.57,2.26,1.61,2.38,0,1.83,1.98,1.83,1.98,1.82,1.89,1.88,1.95,,,,,,,,,,,,,,,,,,,,,,,,,,,,,,,,,,,,,,,,,,,,
EC,05/09/2026,15:00,Hartlepool,Woking,C Walchester,2.15,3.3,3,2.15,3.4,3,2.2,3.3,3,2.15,3.2,2.9,2.1,3.3,3,2.1,3.25,3,2.2,3.6,3,2.16,3.33,2.95,2.14,3.55,2.66,1.85,1.95,1.85,1.95,1.8,1.9,1.74,1.8,-0.25,1.93,1.88,1.93,1.88,1.88,1.82,1.87,1.78,,,,,,,,,,,,,,,,,,,,,,,,,,,,,,,,,,,,,,,,,,,,
EC,05/09/2026,15:00,Hornchurch,Forest Green,S Parkinson,3.2,3.7,1.91,3.3,3.6,1.95,3.4,3.6,1.93,3.25,3.5,1.88,3.3,3.6,1.9,3.25,3.5,1.85,3.4,3.75,2,3.28,3.58,1.93,3.2,3.85,1.87,1.67,2.15,1.67,2.2,1.63,2.15,1.57,2.06,0.5,1.85,1.95,1.85,1.98,1.77,1.92,1.8,1.87,,,,,,,,,,,,,,,,,,,,,,,,,,,,,,,,,,,,,,,,,,,,
EC,05/09/2026,15:00,Scunthorpe,Harrogate,L Smith,2.1,3.6,2.88,2.15,3.5,3,2.1,3.5,3,2.1,3.4,2.87,2.1,3.6,2.88,2.1,3.5,2.8,2.15,3.6,3.1,2.11,3.49,2.95,2.32,3.65,3.05,1.67,2.15,1.67,2.2,1.63,2.15,1.68,2.14,-0.25,1.85,1.95,1.85,1.95,1.84,1.87,2.04,1.88,,,,,,,,,,,,,,,,,,,,,,,,,,,,,,,,,,,,,,,,,,,,
EC,05/09/2026,15:00,Tamworth,Boston Utd,S Jackson,2.05,3.6,3,2.15,3.6,2.88,2.05,3.6,3,2.05,3.4,2.9,2.1,3.6,2.8,2.1,3.5,2.8,2.15,3.6,3,2.08,3.54,2.93,2.14,3.7,3.05,1.57,2.35,1.58,2.38,1.56,2.27,1.62,2.32,-0.25,1.85,1.95,1.85,1.95,1.82,1.88,1.88,1.94,,,,,,,,,,,,,,,,,,,,,,,,,,,,,,,,,,,,,,,,,,,,
EC,05/09/2026,15:00,Wealdstone,Kidderminster,N Smith,2.2,3.5,2.8,2.25,3.6,2.75,2.2,3.5,2.8,2.2,3.4,2.7,2.2,3.6,2.63,2.2,3.5,2.63,2.25,3.6,2.85,2.21,3.49,2.75,2.24,3.6,2.88,1.62,2.25,1.62,2.25,1.58,2.22,1.54,2.06,-0.25,1.95,1.85,1.95,1.85,1.92,1.79,1.96,1.84,,,,,,,,,,,,,,,,,,,,,,,,,,,,,,,,,,,,,,,,,,,,
EC,05/09/2026,17:30,Boreham Wood,Carlisle,H Wager,1.65,4.1,3.9,1.7,4,4,1.65,4,4.2,1.68,3.7,3.9,1.67,4,4,1.67,3.8,3.8,1.75,4.1,4.33,1.68,3.93,4.02,1.69,4.4,4.5,1.5,2.5,1.54,2.55,1.49,2.48,1.49,2.64,-0.75,1.85,1.95,1.85,1.95,1.82,1.89,1.85,2.04,,,,,,,,,,,,,,,,,,,,,,,,,,,,,,,,,,,,,,,,,,,,
F1,04/09/2026,18:00,Lyon,Auxerre,,1.42,4.5,7.5,1.4,4.6,7.5,1.4,4.75,7.5,1.46,4.6,6.5,1.4,4.5,7,1.4,4.75,7,1.46,4.8,8.3,1.42,4.63,7.12,1.49,4.9,7.8,1.62,2.3,1.64,2.3,1.61,2.25,1.67,2.46,-1.25,1.93,1.93,1.93,1.93,1.89,1.86,2.03,1.93,,,,,,,,,,,,,,,,,,,,,,,,,,,,,,,,,,,,,,,,,,,,
F1,04/09/2026,20:05,Paris SG,Monaco,,1.33,5.75,7.5,1.36,5.5,7.5,1.33,5.5,8,1.35,5.75,7,1.33,5.5,7.5,1.33,5.5,7.5,1.4,5.75,8,1.34,5.59,7.44,1.39,5.9,8.4,1.36,3.2,1.38,3.3,1.35,3.1,1.39,3.5,-1.5,1.88,1.98,1.93,1.98,1.85,1.87,1.96,1.98,,,,,,,,,,,,,,,,,,,,,,,,,,,,,,,,,,,,,,,,,,,,
F1,05/09/2026,16:15,Lens,Lorient,,1.45,4.33,7,1.5,4.5,6.5,1.44,4.33,6,1.47,4.6,6.25,1.44,4.5,6,1.44,4.5,6,1.5,4.75,7,1.45,4.46,6.33,1.5,4.8,7,1.62,2.3,1.65,2.3,1.62,2.23,1.69,2.36,-1.25,2.05,1.8,2.05,1.83,1.97,1.78,2.09,1.86,,,,,,,,,,,,,,,,,,,,,,,,,,,,,,,,,,,,,,,,,,,,
F1,05/09/2026,19:45,Le Havre,Brest,,2.63,3.25,2.7,2.63,3.4,2.63,2.55,3.13,2.63,2.55,3.25,2.75,2.6,3.2,2.75,2.6,3.2,2.75,2.7,3.4,2.75,2.59,3.23,2.7,2.72,3.4,2.92,2.1,1.73,2.1,1.75,2.04,1.72,2.14,1.79,0,1.88,1.98,1.88,1.98,1.83,1.9,1.92,2.06,,,,,,,,,,,,,,,,,,,,,,,,,,,,,,,,,,,,,,,,,,,,
F1,05/09/2026,19:45,Nice,Le Mans,,1.85,3.6,4.33,1.83,3.75,4.2,1.8,3.5,4,1.83,3.7,4.2,1.8,3.75,4.2,1.8,3.6,4,1.88,3.75,4.4,1.83,3.63,4.15,1.91,3.85,4.5,1.91,1.91,1.91,1.95,1.83,1.9,1.9,2.04,-0.5,1.85,2,1.85,2,1.79,1.95,1.91,2.07,,,,,,,,,,,,,,,,,,,,,,,,,,,,,,,,,,,,,,,,,,,,
F1,06/09/2026,14:00,Troyes,Strasbourg,,3.1,3.4,2.3,3.1,3.5,2.25,2.9,3.3,2.25,3,3.4,2.3,3,3.3,2.3,3,3.25,2.3,3.2,3.5,2.35,3.01,3.35,2.28,3.15,3.45,2.42,1.88,1.98,1.9,1.98,1.85,1.88,1.92,2.02,0.25,1.85,2,1.9,2,1.81,1.93,1.86,2.09,,,,,,,,,,,,,,,,,,,,,,,,,,,,,,,,,,,,,,,,,,,,
F1,06/09/2026,16:15,Angers,Rennes,,4,3.75,1.85,3.75,3.75,1.9,3.75,3.6,1.83,3.75,3.9,1.87,3.8,3.8,1.85,3.75,3.75,1.85,4,3.9,1.9,3.79,3.75,1.86,4,3.95,1.91,1.67,2.2,1.67,2.2,1.64,2.17,1.73,2.22,0.5,1.98,1.88,1.98,1.88,1.91,1.81,2.04,1.91,,,,,,,,,,,,,,,,,,,,,,,,,,,,,,,,,,,,,,,,,,,,
F1,06/09/2026,19:45,Marseille,Paris FC,,1.75,3.8,4.33,1.8,4,4.2,1.73,3.75,4.1,1.77,3.9,4.2,1.7,4,4.33,1.7,3.9,4.2,1.8,4,4.33,1.75,3.86,4.16,1.83,4.1,4.6,1.67,2.2,1.67,2.3,1.6,2.23,1.68,2.32,-0.5,1.75,2.05,1.78,2.05,1.72,2.02,1.83,2.17,,,,,,,,,,,,,,,,,,,,,,,,,,,,,,,,,,,,,,,,,,,,
F2,04/09/2026,19:00,Boulogne,Dijon,,2.8,2.9,2.4,2.75,3.1,2.5,2.88,3.1,2.5,2.8,3.2,2.5,2.8,2.9,2.5,2.75,2.88,2.45,2.9,3.2,2.55,2.82,3.04,2.5,3.05,3.2,2.7,2.35,1.57,2.38,1.6,2.3,1.56,2.46,1.63,0,2.03,1.78,2.03,1.8,1.98,1.75,2.12,1.87,,,,,,,,,,,,,,,,,,,,,,,,,,,,,,,,,,,,,,,,,,,,
F2,04/09/2026,19:00,Dunkerque,Clermont,,1.73,3.3,4.33,1.73,3.6,4.2,1.75,3.7,4.4,1.78,3.6,4.2,1.7,3.5,4.33,1.7,3.5,4,1.78,3.7,4.5,1.74,3.57,4.3,1.83,3.9,4.8,1.88,1.93,1.88,1.95,1.82,1.9,1.96,1.98,-0.5,1.78,2.03,1.78,2.05,1.73,2,1.83,2.17,,,,,,,,,,,,,,,,,,,,,,,,,,,,,,,,,,,,,,,,,,,,
F2,04/09/2026,19:00,Grenoble,Annecy,,3,3,2.25,3,3.1,2.3,3.1,3.13,2.38,,,,2.9,3.1,2.3,2.88,3,2.25,3.1,3.2,2.38,3.02,3.1,2.32,3.4,3.15,2.44,2.3,1.6,2.3,1.67,2.21,1.61,2.44,1.66,0.25,1.8,2,1.8,2,1.77,1.96,1.89,2.08,,,,,,,,,,,,,,,,,,,,,,,,,,,,,,,,,,,,,,,,,,,,
F2,04/09/2026,19:00,Laval,Red Star,,3,3.1,2.2,2.88,3.3,2.3,3,3.3,2.3,3,3.25,2.3,3,3.1,2.3,2.9,3,2.25,3.1,3.3,2.3,3,3.2,2.28,3.2,3.45,2.46,2,1.8,2,1.8,1.97,1.76,2.12,1.86,0.25,1.83,1.98,1.83,1.98,1.79,1.94,1.87,2.1,,,,,,,,,,,,,,,,,,,,,,,,,,,,,,,,,,,,,,,,,,,,
F2,04/09/2026,19:00,Pau FC,Sochaux,,2.25,3.2,2.9,2.25,3.25,3,2.3,3.2,3.1,2.3,3.2,3,2.15,3.3,3.1,2.15,3.1,3,2.3,3.3,3.1,2.26,3.22,3.03,2.44,3.25,3.35,2.15,1.67,2.15,1.73,2.1,1.68,2.24,1.75,-0.25,2,1.8,2,1.8,1.94,1.78,2.07,1.88,,,,,,,,,,,,,,,,,,,,,,,,,,,,,,,,,,,,,,,,,,,,
F2,05/09/2026,13:00,Metz,Rodez,,2.05,3.1,3.3,2,3.5,3.25,2,3.5,3.3,2,3.6,3.4,2,3.5,3.3,1.95,3.4,3.1,2.1,3.6,3.5,2.01,3.47,3.33,2,3.65,3.55,1.75,2.05,1.75,2.1,1.71,2.04,1.73,2.08,-0.5,2.03,1.78,2.05,1.8,1.98,1.75,2.01,1.86,,,,,,,,,,,,,,,,,,,,,,,,,,,,,,,,,,,,,,,,,,,,
F2,05/09/2026,13:00,Reims,Guingamp,,1.75,3.3,4.1,1.8,3.6,4,1.75,3.7,4.1,1.78,3.7,4.1,1.75,3.7,4,1.75,3.5,3.75,1.8,3.8,4.25,1.77,3.62,4.04,1.79,3.9,4.4,1.7,2.1,1.73,2.15,1.68,2.08,1.73,2.12,-0.75,2.03,1.78,2.03,1.78,1.98,1.75,2.03,1.85,,,,,,,,,,,,,,,,,,,,,,,,,,,,,,,,,,,,,,,,,,,,
F2,05/09/2026,19:00,St Etienne,Montpellier,,1.5,3.7,5.75,1.53,4,5.5,1.53,4.1,5.5,1.55,4.1,5.5,1.5,4.2,5.5,1.5,4,5,1.55,4.33,5.8,1.53,4.08,5.46,1.57,4.3,5.9,1.67,2.15,1.67,2.2,1.65,2.14,1.67,2.16,-1,1.9,1.9,1.9,1.9,1.86,1.87,1.92,1.92,,,,,,,,,,,,,,,,,,,,,,,,,,,,,,,,,,,,,,,,,,,,
F2,07/09/2026,19:45,Nantes,Nancy,,1.91,3.2,3.6,1.9,3.4,3.75,1.87,3.5,3.8,1.93,3.5,3.75,1.85,3.5,3.7,1.8,3.25,3.4,1.98,3.5,4,1.89,3.41,3.75,,,,1.9,1.9,1.91,1.91,1.85,1.86,,,-0.5,1.9,1.9,1.93,1.9,1.86,1.84,,,,,,,,,,,,,,,,,,,,,,,,,,,,,,,,,,,,,,,,,,,,,,
G1,05/09/2026,17:00,Volos NFC,Olympiakos,,12,5.5,1.22,11,5.5,1.22,10.5,5.25,1.25,9.5,5.75,1.27,12,5.5,1.18,8.5,5,1.2,13.5,5.75,1.27,10.71,5.37,1.23,,,,1.67,2.15,1.67,2.25,1.63,2.16,,,1.75,1.8,2,1.85,2,1.78,1.95,,,,,,,,,,,,,,,,,,,,,,,,,,,,,,,,,,,,,,,,,,,,,,
G1,05/09/2026,19:00,AEK,Aris,,1.35,4.5,8,1.36,4.33,8,1.36,4.4,7.5,1.38,4.8,7.5,1.33,4.5,8,1.33,4.2,6.5,1.38,4.8,8,1.35,4.49,7.65,1.39,5,9.8,1.8,2,1.8,2,1.74,2,1.79,2.04,-1.25,1.88,1.93,1.88,1.93,1.84,1.89,1.87,1.98,,,,,,,,,,,,,,,,,,,,,,,,,,,,,,,,,,,,,,,,,,,,
G1,06/09/2026,17:00,Atromitos,Kalamata,,1.81,3.6,4,1.83,3.4,4,1.83,3.3,4,1.87,3.5,3.9,1.8,3.4,4,1.75,3.2,3.6,1.87,3.6,4,1.83,3.43,3.85,1.86,3.7,3.9,2,1.8,2,1.8,1.95,1.77,2.04,1.25,-0.5,1.85,1.95,1.85,1.95,1.82,1.88,,,,,,,,,,,,,,,,,,,,,,,,,,,,,,,,,,,,,,,,,,,,,,
G1,06/09/2026,17:30,OFI Crete,Kifisia,,2.05,3.25,3.5,2.15,3.25,3.2,2.1,3.2,3.25,2.15,3.4,3.25,2.1,3.3,3.2,2.05,3,3,2.18,3.4,3.5,2.1,3.21,3.25,2.08,3.2,3.2,2.1,1.7,2.1,1.73,2.06,1.69,1.95,1.62,-0.25,1.83,1.98,1.85,1.98,1.82,1.92,,,,,,,,,,,,,,,,,,,,,,,,,,,,,,,,,,,,,,,,,,,,,,
G1,06/09/2026,18:00,Levadeiakos,Panetolikos,,1.79,3.6,4.2,1.8,3.5,4,1.8,3.4,4.1,1.85,3.5,4.1,1.75,3.5,4,1.73,3.25,3.75,1.85,3.6,4.2,1.8,3.44,4.02,1.85,3.5,4.4,2,1.8,2,1.8,1.96,1.76,2,1.81,-0.5,1.83,1.98,1.83,1.98,1.8,1.91,,,,,,,,,,,,,,,,,,,,,,,,,,,,,,,,,,,,,,,,,,,,,,
G1,06/09/2026,19:30,Panathinaikos,PAOK,,2.35,3.25,2.85,2.4,3.25,2.75,2.38,3.2,2.8,2.4,3.3,2.8,2.4,3.3,2.7,2.3,3,2.6,2.44,3.3,2.9,2.37,3.2,2.78,2.4,3.25,3.5,2,1.8,2.05,1.8,1.98,1.75,2.06,1.83,-0.25,2.05,1.75,2.1,1.75,2.04,1.71,,,,,,,,,,,,,,,,,,,,,,,,,,,,,,,,,,,,,,,,,,,,,,
G1,07/09/2026,16:00,Asteras Tripolis,Iraklis,,1.96,3.4,3.75,2.05,3.3,3.4,,,,2.05,3.3,3.5,2,3.3,3.4,1.95,3.1,3.2,2.05,3.4,3.75,1.99,3.33,3.45,,,,2.1,1.7,2.1,1.73,2.03,1.72,,,-0.5,2,1.8,2,1.8,1.96,1.75,,,,,,,,,,,,,,,,,,,,,,,,,,,,,,,,,,,,,,,,,,,,,,
I1,04/09/2026,19:45,Genoa,Como,,5.25,3.4,1.75,4.6,3.5,1.8,4.75,3.6,1.75,4.75,3.5,1.78,5,3.4,1.75,5,3.5,1.75,5.25,3.6,1.84,4.88,3.43,1.78,5.6,3.6,1.81,2.05,1.8,2.1,1.8,2.05,1.73,2.16,1.83,0.75,1.83,2.03,1.83,2.03,1.78,1.97,1.92,2.06,,,,,,,,,,,,,,,,,,,,,,,,,,,,,,,,,,,,,,,,,,,,
I1,05/09/2026,14:00,Fiorentina,Torino,,1.9,3.3,4.5,1.91,3.4,4.2,1.91,3.4,4.1,1.9,3.25,4.4,1.9,3.2,4.5,1.91,3.2,4.33,1.94,3.4,4.5,1.91,3.3,4.31,2,3.45,4.7,2.1,1.73,2.1,1.73,2.09,1.7,2.2,1.79,-0.5,1.93,1.93,1.93,1.93,1.85,1.87,2,1.98,,,,,,,,,,,,,,,,,,,,,,,,,,,,,,,,,,,,,,,,,,,,
I1,05/09/2026,17:00,Inter,Napoli,,1.67,3.6,5.5,1.67,3.75,5.5,1.62,3.8,5.5,1.68,3.7,5.25,1.62,3.7,5.5,1.62,3.6,5.5,1.68,3.8,5.5,1.64,3.72,5.42,1.7,3.95,6,2.05,1.8,2.05,1.8,1.99,1.77,2.1,1.87,-0.75,1.83,2.03,1.83,2.03,1.79,1.96,1.9,2.07,,,,,,,,,,,,,,,,,,,,,,,,,,,,,,,,,,,,,,,,,,,,
I1,05/09/2026,19:45,Roma,Atalanta,,1.73,3.6,5,1.73,3.75,4.6,1.7,3.8,4.8,1.71,3.75,4.8,1.7,3.7,4.75,1.7,3.6,4.75,1.75,3.8,5.1,1.71,3.72,4.77,1.79,3.95,5.2,1.93,1.93,1.93,1.93,1.88,1.86,1.98,1.97,-0.75,1.93,1.93,1.93,1.93,1.87,1.87,2.02,1.95,,,,,,,,,,,,,,,,,,,,,,,,,,,,,,,,,,,,,,,,,,,,
I1,06/09/2026,14:00,Frosinone,Venezia,,2.7,3.3,2.6,2.75,3.4,2.5,2.63,3.4,2.5,2.7,3.4,2.5,2.7,3.25,2.5,2.7,3.25,2.5,2.78,3.4,2.6,2.69,3.35,2.52,2.84,3.5,2.68,1.85,2,1.85,2,1.81,1.94,1.88,2.06,0,2,1.85,2,1.85,1.94,1.81,2.03,1.93,,,,,,,,,,,,,,,,,,,,,,,,,,,,,,,,,,,,,,,,,,,,
I1,06/09/2026,14:00,Parma,Monza,,2.6,3.1,2.9,2.5,3.2,2.88,2.45,3.1,2.9,2.45,3.1,3,2.5,3,3,2.5,3,3,2.6,3.2,3,2.49,3.08,2.94,2.66,3.15,3.15,2.3,1.62,2.3,1.62,2.27,1.59,2.42,1.64,0,1.8,2.05,1.8,2.05,1.73,2.02,1.81,2.17,,,,,,,,,,,,,,,,,,,,,,,,,,,,,,,,,,,,,,,,,,,,
I1,06/09/2026,17:00,Bologna,Sassuolo,,2,3.4,3.9,2,3.5,3.75,1.95,3.4,3.7,2,3.4,3.75,1.91,3.5,3.7,1.95,3.4,3.6,2,3.5,3.95,1.98,3.4,3.73,2.08,3.55,4,2,1.8,2.05,1.8,1.99,1.76,2.12,1.84,-0.5,2,1.85,2,1.85,1.94,1.79,2.08,1.9,,,,,,,,,,,,,,,,,,,,,,,,,,,,,,,,,,,,,,,,,,,,
I1,06/09/2026,19:45,Juventus,Milan,,2.1,3.25,3.7,2.05,3.4,3.6,2.05,3.3,3.5,2.1,3.3,3.6,2.05,3.2,3.5,2.1,3.2,3.5,2.12,3.4,3.8,2.08,3.26,3.57,2.22,3.4,3.9,2.1,1.73,2.1,1.73,2.06,1.71,2.16,1.8,-0.5,2.08,1.73,2.1,1.73,2.04,1.71,2.22,1.81,,,,,,,,,,,,,,,,,,,,,,,,,,,,,,,,,,,,,,,,,,,,
I1,07/09/2026,17:30,Cagliari,Lecce,,2,3.1,4.33,2.05,3.25,3.75,2,3.13,3.9,1.98,3.25,4,1.95,3.1,4,2,3.1,4,2.05,3.25,4.33,2,3.15,3.99,2.08,3.35,4.4,2.38,1.57,2.45,1.57,2.39,1.54,2.32,1.64,-0.5,2,1.85,2,1.85,1.94,1.78,2.08,1.92,,,,,,,,,,,,,,,,,,,,,,,,,,,,,,,,,,,,,,,,,,,,
I1,07/09/2026,19:45,Udinese,Lazio,,2.9,3.1,2.55,2.8,3.25,2.6,2.88,3.1,2.5,2.87,3.25,2.5,2.88,3,2.6,2.88,3,2.6,2.9,3.25,2.66,2.86,3.12,2.54,3.05,3.2,2.72,2.3,1.62,2.3,1.62,2.26,1.59,2.42,1.65,0,2.05,1.8,2.05,1.8,1.98,1.76,2.09,1.87,,,,,,,,,,,,,,,,,,,,,,,,,,,,,,,,,,,,,,,,,,,,
I2,05/09/2026,14:00,Sudtirol,Catanzaro,,2.25,3,3.2,2.25,3.2,3,2.25,3.13,3,2.35,3.1,3.1,2.25,3,3.1,2.25,2.9,3,2.38,3.25,3.2,2.28,3.09,3.07,2.44,3.15,3.25,2.15,1.67,2.2,1.67,2.16,1.64,2.22,1.73,-0.25,1.98,1.83,1.98,1.83,1.94,1.79,2.08,1.84,,,,,,,,,,,,,,,,,,,,,,,,,,,,,,,,,,,,,,,,,,,,
I2,05/09/2026,16:15,Ascoli,Benevento,,2.2,3,3.2,2.25,3.25,3,2.25,3.25,2.9,2.3,3.2,3.1,2.2,3.1,3.1,2.15,3,3,2.33,3.3,3.2,2.27,3.2,3,2.5,3.35,3.2,2.05,1.75,2.1,1.8,2.02,1.72,2.16,1.83,-0.25,2,1.8,2,1.8,1.95,1.78,2.13,1.86,,,,,,,,,,,,,,,,,,,,,,,,,,,,,,,,,,,,,,,,,,,,
I2,05/09/2026,18:30,Carrarese,Empoli,,2.25,3.1,2.85,2.4,3.2,2.8,2.3,3.13,2.9,2.37,3.2,2.95,2.25,3.3,2.88,2.2,3.2,2.8,2.4,3.3,3.1,2.32,3.19,2.91,2.52,3.4,3.1,2.15,1.67,2.15,1.7,2.11,1.66,2.22,1.74,-0.25,2.05,1.75,2.05,1.78,2,1.74,2.16,1.82,,,,,,,,,,,,,,,,,,,,,,,,,,,,,,,,,,,,,,,,,,,,
I2,06/09/2026,14:00,Cesena,Mantova,,2.4,3.1,2.82,2.5,3.25,2.63,2.4,3.25,2.7,2.5,3.2,2.75,2.4,3.1,2.8,2.38,3,2.75,2.52,3.3,2.85,2.43,3.21,2.74,2.54,3.3,2.84,1.98,1.83,2,1.83,1.94,1.79,1.98,1.83,0,1.78,2.03,1.8,2.03,1.76,1.97,,,,,,,,,,,,,,,,,,,,,,,,,,,,,,,,,,,,,,,,,,,,,,
I2,06/09/2026,14:00,Juve Stabia,Pisa,,2.75,2.85,2.5,2.75,3.1,2.5,2.7,3.1,2.5,2.75,3,2.6,2.8,3,2.5,2.75,2.9,2.45,2.88,3.1,2.6,2.77,3.02,2.52,2.92,3.05,2.64,2.2,1.65,2.25,1.65,2.2,1.61,1.02,1.58,0,2,1.8,2,1.8,1.95,1.78,,,,,,,,,,,,,,,,,,,,,,,,,,,,,,,,,,,,,,,,,,,,,,
I2,06/09/2026,14:00,Modena,Avellino,,1.71,3.3,4.75,1.8,3.4,4.2,1.8,3.4,4.2,1.8,3.4,4.5,1.75,3.3,4.5,1.73,3.2,4.33,1.8,3.5,4.75,1.78,3.37,4.39,1.79,3.25,4.5,2.1,1.7,2.1,1.73,2.05,1.69,2.1,1.64,-0.5,1.8,2,1.8,2,1.77,1.95,,,,,,,,,,,,,,,,,,,,,,,,,,,,,,,,,,,,,,,,,,,,,,
I2,06/09/2026,14:00,Virtus Entella,Vicenza,,2.1,3,3.6,2.1,3.1,3.4,2.1,3.1,3.4,2.15,3.1,3.5,2.1,3,3.4,2.1,2.9,3.3,2.15,3.15,3.66,2.11,3.05,3.49,2.22,3.05,3.75,2.4,1.53,2.4,1.58,2.3,1.55,2.44,1.55,-0.25,1.83,1.98,1.83,1.98,1.79,1.94,,,,,,,,,,,,,,,,,,,,,,,,,,,,,,,,,,,,,,,,,,,,,,
I2,06/09/2026,16:15,Verona,Arezzo,,1.62,3.6,4.75,1.67,3.6,4.6,1.65,3.6,4.75,1.7,3.6,5,1.57,3.6,5.5,1.55,3.4,5.25,1.7,3.8,5.5,1.65,3.64,4.83,1.58,2.02,4.6,1.93,1.88,1.93,1.88,1.87,1.83,1.81,1.75,-0.75,1.9,1.9,1.9,1.9,1.86,1.86,,,,,,,,,,,,,,,,,,,,,,,,,,,,,,,,,,,,,,,,,,,,,,
I2,06/09/2026,18:30,Cremonese,Padova,,1.81,3.25,4.33,1.8,3.4,4.2,1.83,3.4,3.9,1.85,3.4,4.2,1.8,3.4,4,1.8,3.25,3.9,1.88,3.5,4.35,1.82,3.38,4.11,,,,2.03,1.78,2.03,1.85,1.95,1.77,,,-0.5,1.85,1.95,1.85,2,1.81,1.91,,,,,,,,,,,,,,,,,,,,,,,,,,,,,,,,,,,,,,,,,,,,,,
I2,07/09/2026,19:30,Palermo,Sampdoria,,1.81,3.25,4.33,1.83,3.4,4,1.83,3.4,3.9,1.88,3.25,4.2,1.7,3.4,4.75,1.67,3.1,4.2,1.88,3.45,4.75,1.81,3.33,4.19,,,,2.05,1.75,2.05,1.83,1.96,1.76,,,-0.5,1.88,1.93,1.88,1.93,1.82,1.89,,,,,,,,,,,,,,,,,,,,,,,,,,,,,,,,,,,,,,,,,,,,,,
N1,04/09/2026,19:00,Sparta Rotterdam,Zwolle,,1.91,3.6,3.9,1.9,3.75,3.3,1.9,3.9,3.5,1.93,3.75,3.6,1.85,3.7,3.5,1.83,3.5,3.4,1.93,3.9,3.9,1.9,3.75,3.54,1.99,4,3.85,1.53,2.4,1.58,2.7,1.5,2.47,1.59,2.64,-0.5,1.9,1.9,1.9,1.9,1.87,1.85,1.99,1.98,,,,,,,,,,,,,,,,,,,,,,,,,,,,,,,,,,,,,,,,,,,,
N1,05/09/2026,15:30,Nijmegen,Feyenoord,,2.9,3.9,2.2,2.8,4,2.05,2.75,4,2.2,2.8,4,2.2,2.7,4,2.1,2.63,3.9,2.05,2.9,4.2,2.2,2.78,4,2.14,2.86,4.4,2.26,1.36,3.1,1.37,3.3,1.33,3.17,1.37,3.45,0.25,1.85,1.95,1.9,1.95,1.85,1.89,1.95,2.01,,,,,,,,,,,,,,,,,,,,,,,,,,,,,,,,,,,,,,,,,,,,
N1,05/09/2026,17:45,Utrecht,Go Ahead Eagles,,2.1,4,3.1,2,3.75,3.1,2.05,3.8,3.13,2.05,3.7,3.3,1.95,3.7,3.3,1.91,3.5,3.1,2.1,4,3.3,2.04,3.73,3.15,2.18,3.9,3.3,1.5,2.5,1.58,2.55,1.5,2.45,1.55,2.6,-0.25,1.8,2,1.83,2,1.78,1.96,1.91,2.04,,,,,,,,,,,,,,,,,,,,,,,,,,,,,,,,,,,,,,,,,,,,
N1,05/09/2026,19:00,Ajax,PSV Eindhoven,,2.7,3.75,2.4,2.5,4,2.3,2.55,4.1,2.3,2.55,4.1,2.35,2.5,4,2.3,2.45,3.75,2.25,2.7,4.2,2.4,2.55,3.97,2.32,2.62,4.2,2.48,1.3,3.5,1.33,3.6,1.28,3.46,1.32,3.9,0,2,1.8,2,1.8,1.95,1.78,2.05,1.89,,,,,,,,,,,,,,,,,,,,,,,,,,,,,,,,,,,,,,,,,,,,
N1,05/09/2026,20:00,Willem II,Excelsior,,3,3.5,2.3,2.75,3.5,2.25,2.8,3.6,2.3,2.8,3.6,2.35,2.75,3.6,2.2,2.7,3.5,2.15,3,3.65,2.35,2.8,3.57,2.27,2.98,3.75,2.38,1.62,2.25,1.65,2.25,1.62,2.2,1.64,2.4,0.25,1.8,2,1.8,2,1.78,1.96,1.89,2.07,,,,,,,,,,,,,,,,,,,,,,,,,,,,,,,,,,,,,,,,,,,,
N1,06/09/2026,11:15,Groningen,Twente,,3.3,3.8,2.05,3.1,3.75,2,3.13,3.8,2.05,3.25,3.7,2.05,3.1,3.8,2,3,3.6,1.95,3.3,3.85,2.05,3.17,3.76,2.02,3.15,3.85,2.08,1.53,2.4,1.55,2.6,1.49,2.46,1.47,2.58,0.5,1.75,2.05,1.8,2.05,1.75,1.98,,,,,,,,,,,,,,,,,,,,,,,,,,,,,,,,,,,,,,,,,,,,,,
N1,06/09/2026,13:30,Heerenveen,AZ Alkmaar,,3.9,4,1.8,3.75,4,1.73,3.7,4.1,1.8,3.8,4.1,1.82,3.8,4,1.7,3.75,3.8,1.67,3.9,4.2,1.82,3.74,4.03,1.77,4.1,4.4,1.84,1.44,2.7,1.45,2.75,1.41,2.71,1.46,2.9,0.5,2,1.8,2.05,1.8,1.97,1.76,,,,,,,,,,,,,,,,,,,,,,,,,,,,,,,,,,,,,,,,,,,,,,
N1,06/09/2026,13:30,Telstar,Cambuur,,1.62,4.33,4.75,1.57,4.2,4.6,1.62,4.33,4.6,1.65,4.33,4.6,1.53,4.2,4.5,1.53,4,4.33,1.65,4.5,4.75,1.6,4.28,4.55,1.68,4.4,4.8,1.44,2.7,1.48,2.75,1.43,2.65,1.01,2.78,-1,2.03,1.78,2.05,1.8,1.99,1.76,,,,,,,,,,,,,,,,,,,,,,,,,,,,,,,,,,,,,,,,,,,,,,
N1,06/09/2026,15:45,Den Haag,For Sittard,,2.05,3.9,3.1,2,4,3,2.05,3.9,3.1,2.05,4,3.1,1.95,3.8,3.1,1.91,3.75,3,2.08,4,3.1,2.02,3.87,3.07,2.12,4.2,3.25,1.44,2.7,1.45,2.88,1.4,2.73,1.48,2.88,-0.5,2.05,1.75,2.05,1.75,2,1.74,,,,,,,,,,,,,,,,,,,,,,,,,,,,,,,,,,,,,,,,,,,,,,
P1,04/09/2026,20:15,Porto,Moreirense,,1.11,7,21,1.14,7,15,1.12,7,17,1.15,7.25,18.5,1.13,7.5,21,1.11,8,19,1.15,8.5,21,1.13,7.23,18.35,1.17,8.8,26,1.6,2.3,1.6,2.4,1.56,2.3,1.66,2.46,-2,1.75,2.05,1.8,2.05,1.75,1.98,1.86,2.04,,,,,,,,,,,,,,,,,,,,,,,,,,,,,,,,,,,,,,,,,,,,
P1,05/09/2026,15:30,Estrela,Famalicao,,3,3.2,2.35,2.88,3.2,2.3,2.9,3.1,2.38,3,3.1,2.37,3,3.3,2.3,3,3.2,2.3,3.05,3.3,2.4,2.98,3.17,2.35,3.1,2.88,2.48,2.15,1.67,2.15,1.7,2.12,1.65,2.2,1.64,0.25,1.78,2.1,1.8,2.1,1.75,2,1.78,2.1,,,,,,,,,,,,,,,,,,,,,,,,,,,,,,,,,,,,,,,,,,,,
P1,05/09/2026,18:00,Alverca,Sp Braga,,4.75,3.5,1.71,4.2,3.4,1.8,4.5,3.4,1.73,4.5,3.5,1.77,4.33,3.5,1.8,4.2,3.4,1.8,4.75,3.6,1.8,4.46,3.48,1.76,5,3.6,1.83,2.08,1.73,2.08,1.8,2.01,1.74,2.06,1.83,0.5,2.05,1.75,2.05,1.75,2.02,1.72,2.11,1.83,,,,,,,,,,,,,,,,,,,,,,,,,,,,,,,,,,,,,,,,,,,,
P1,05/09/2026,18:00,Maritimo,Benfica,,12,5.5,1.22,11,5.5,1.22,10.5,5.5,1.22,10,5.75,1.26,12,5.5,1.22,10,5.5,1.25,12.5,6,1.27,10.88,5.59,1.24,13.5,6.8,1.28,1.53,2.4,1.57,2.45,1.53,2.37,1.54,2.54,1.75,1.88,1.98,1.88,1.98,1.83,1.91,1.99,1.93,,,,,,,,,,,,,,,,,,,,,,,,,,,,,,,,,,,,,,,,,,,,
P1,05/09/2026,20:30,Sp Lisbon,Nacional,,1.17,6.5,13,1.2,6,11,1.17,6.5,12,1.22,6.5,11,1.18,6.5,15,1.2,6.25,12,1.22,7,15,1.2,6.35,11.96,1.23,7.2,17.5,1.44,2.7,1.44,3,1.39,2.84,1.45,3,-2,2,1.85,2,1.85,1.93,1.81,1.97,1.94,,,,,,,,,,,,,,,,,,,,,,,,,,,,,,,,,,,,,,,,,,,,
P1,06/09/2026,15:30,Santa Clara,Rio Ave,,1.76,3.4,4.75,1.73,3.4,4.5,1.73,3.3,4.6,1.75,3.4,4.75,1.75,3.5,4.5,1.75,3.4,4.33,1.83,3.5,4.85,1.75,3.41,4.61,1.78,3.45,5.4,2.2,1.65,2.2,1.7,2.12,1.65,2.22,1.69,-0.75,2.05,1.8,2.05,1.8,1.98,1.76,,,,,,,,,,,,,,,,,,,,,,,,,,,,,,,,,,,,,,,,,,,,,,
P1,06/09/2026,18:00,Guimaraes,Casa Pia,,1.46,3.8,6.5,1.5,4,6,1.5,3.8,6,1.53,4.1,6,1.5,4,6.5,1.5,3.9,6,1.53,4.1,6.6,1.5,3.93,6.24,1.54,4.1,7.4,2,1.8,2,1.8,1.95,1.77,2.04,1.8,-1,1.93,1.93,1.93,1.93,1.87,1.87,,,,,,,,,,,,,,,,,,,,,,,,,,,,,,,,,,,,,,,,,,,,,,
P1,06/09/2026,20:30,Gil Vicente,Academico Viseu,,1.86,3.3,4.2,1.9,3.4,3.75,1.85,3.3,4,1.9,3.4,4,1.9,3.5,4,1.91,3.4,3.8,1.92,3.5,4.2,1.88,3.39,3.94,1.91,3.35,4.8,2.08,1.73,2.1,1.73,2.04,1.71,2.1,1.25,-0.5,1.93,1.93,1.93,1.93,1.86,1.86,,,,,,,,,,,,,,,,,,,,,,,,,,,,,,,,,,,,,,,,,,,,,,
P1,07/09/2026,20:15,Estoril,Arouca,,2.25,3.4,3,2.2,3.4,2.88,2.25,3.3,2.88,2.25,3.4,2.95,2.25,3.5,3,2.15,3.25,2.8,2.3,3.5,3.1,2.24,3.37,2.94,2.32,3.35,3.2,1.85,1.95,1.85,1.95,1.81,1.91,,,-0.25,2.03,1.83,2.03,1.83,1.95,1.79,,,,,,,,,,,,,,,,,,,,,,,,,,,,,,,,,,,,,,,,,,,,,,
SC0,05/09/2026,15:00,Aberdeen,Kilmarnock,J Beaton,1.68,3.75,4.5,1.73,4,4.33,1.67,3.8,4.4,1.72,4,4.2,1.8,3.8,4,1.8,3.75,3.9,1.8,4,4.5,1.72,3.85,4.29,1.77,3.95,4.6,1.67,2.2,1.67,2.2,1.64,2.16,1.68,2.28,-0.75,1.93,1.93,1.93,1.93,1.88,1.85,1.99,1.92,,,,,,,,,,,,,,,,,,,,,,,,,,,,,,,,,,,,,,,,,,,,
SC0,05/09/2026,15:00,Dundee United,Falkirk,D McFarlane,1.86,3.6,3.8,2,3.75,3.5,1.9,3.6,3.5,1.95,3.6,3.5,2,3.7,3.5,1.95,3.5,3.3,2,3.75,3.8,1.94,3.62,3.52,2.02,3.6,3.75,1.73,2.1,1.73,2.2,1.69,2.08,1.75,2.16,-0.5,1.93,1.93,1.93,1.93,1.9,1.82,2.02,1.88,,,,,,,,,,,,,,,,,,,,,,,,,,,,,,,,,,,,,,,,,,,,
SC0,05/09/2026,15:00,Rangers,Motherwell,D Nicolson,1.41,4.33,7,1.5,4.6,6,1.44,4.33,6,1.49,4.4,6,1.5,4.4,5.5,1.5,4.2,5.25,1.5,4.6,7,1.46,4.41,6.06,1.53,4.7,6.8,1.62,2.3,1.62,2.3,1.58,2.26,1.63,2.44,-1.25,2.03,1.83,2.03,1.83,1.96,1.78,2.11,1.82,,,,,,,,,,,,,,,,,,,,,,,,,,,,,,,,,,,,,,,,,,,,
SC0,05/09/2026,20:00,St Mirren,Celtic,R Lee,6.25,4.33,1.45,6.5,4.6,1.44,5.75,4.5,1.44,5.25,4.6,1.51,6,4.5,1.44,5.75,4.2,1.44,6.5,4.75,1.51,5.79,4.53,1.46,7,4.8,1.51,1.44,2.75,1.5,2.75,1.46,2.58,1.49,2.82,1.25,1.8,2.05,1.8,2.05,1.77,1.97,1.88,2.02,,,,,,,,,,,,,,,,,,,,,,,,,,,,,,,,,,,,,,,,,,,,
SC0,06/09/2026,15:00,Hearts,Dundee,C Graham,1.46,4.1,6.25,1.53,4.33,6,1.5,4.2,5.5,1.53,4.33,5.25,1.5,4.33,5.5,1.5,4.2,5.25,1.55,4.5,6.25,1.5,4.3,5.62,1.49,1.1,5.3,1.57,2.38,1.62,2.4,1.56,2.3,1.6,2.28,-1,1.83,2.03,1.9,2.03,1.81,1.93,,,,,,,,,,,,,,,,,,,,,,,,,,,,,,,,,,,,,,,,,,,,,,
SC0,06/09/2026,15:00,St Johnstone,Hibernian,S McLean,2.75,3.25,2.45,2.75,3.4,2.5,2.63,3.3,2.45,2.87,3.1,2.45,2.88,3,2.6,2.8,2.9,2.5,2.88,3.4,2.6,2.75,3.25,2.46,2.72,3.2,2.48,1.9,1.95,1.9,1.95,1.83,1.9,1.87,1.07,0,2.03,1.83,2.03,1.83,1.96,1.78,,,,,,,,,,,,,,,,,,,,,,,,,,,,,,,,,,,,,,,,,,,,,,
SC1,04/09/2026,19:30,Livingston,Stenhousemuir,J Wilkie,1.38,4.2,6.25,1.36,4.33,7.5,1.4,4.2,7,1.39,4.2,6.25,1.33,4.5,7,1.36,4.2,6.5,1.43,4.6,7.5,1.39,4.28,6.78,1.48,4.6,7.4,1.73,2.08,1.73,2.1,1.69,2.07,1.8,2.12,-1.25,1.95,1.85,1.95,1.85,1.91,1.8,2.02,1.83,,,,,,,,,,,,,,,,,,,,,,,,,,,,,,,,,,,,,,,,,,,,
SC1,05/09/2026,15:00,Arbroath,Dunfermline,L Wilson,2.63,3,2.45,2.75,3.1,2.5,2.63,3.1,2.55,2.55,3.1,2.45,2.63,3.1,2.5,2.6,3,2.45,2.75,3.2,2.6,2.64,3.09,2.51,2.76,3.15,2.62,2.2,1.65,2.2,1.7,2.16,1.63,2.14,1.71,0,1.95,1.85,1.95,1.85,1.9,1.81,1.92,1.83,,,,,,,,,,,,,,,,,,,,,,,,,,,,,,,,,,,,,,,,,,,,
SC1,05/09/2026,15:00,Inverness C,Raith Rvs,L Hogarth,2.15,3.25,3,2.25,3.25,3,2.15,3.25,3.13,2.15,3.2,2.95,2.15,3.1,3.25,2.15,3,3.1,2.25,3.25,3.3,2.17,3.18,3.1,2.28,3.1,3.3,2.08,1.73,2.1,1.73,2.03,1.71,2.1,1.74,-0.25,1.9,1.9,1.93,1.9,1.88,1.83,1.96,1.91,,,,,,,,,,,,,,,,,,,,,,,,,,,,,,,,,,,,,,,,,,,,
SC1,05/09/2026,15:00,Partick,Ayr,N Walsh,1.6,3.6,4.75,1.6,3.75,5,1.55,3.9,5.25,1.57,3.7,4.75,1.57,3.8,5,1.55,3.6,4.8,1.61,3.9,5.25,1.58,3.77,4.95,1.6,3.95,6,1.85,1.95,1.9,1.95,1.83,1.87,1.88,1.93,-1,2.03,1.78,2.03,1.78,1.98,1.75,2.04,1.78,,,,,,,,,,,,,,,,,,,,,,,,,,,,,,,,,,,,,,,,,,,,
SC1,05/09/2026,15:00,Queens Park,Morton,G Irvine,2.3,3.2,2.7,2.4,3.25,2.75,2.3,3.2,2.88,2.25,3.2,2.75,2.3,3.3,2.75,2.3,3.1,2.7,2.4,3.3,2.88,2.34,3.2,2.78,2.38,3.15,3.05,2.05,1.75,2.05,1.77,1.99,1.74,2.04,1.7,-0.25,2.03,1.78,2.03,1.78,1.99,1.74,2.04,1.77,,,,,,,,,,,,,,,,,,,,,,,,,,,,,,,,,,,,,,,,,,,,
SC2,05/09/2026,15:00,Cove Rangers,Alloa,C Stirling,2.8,3.3,2.25,2.75,3.25,2.3,2.8,3.3,2.3,2.75,3.1,2.25,2.8,3.3,2.3,2.7,3.25,2.25,2.85,3.3,2.35,2.78,3.26,2.29,2.7,2.96,2.12,1.9,1.9,1.9,1.91,1.83,1.86,1.54,1.79,0,2.08,1.73,2.08,1.73,2.04,1.69,1.94,1.61,,,,,,,,,,,,,,,,,,,,,,,,,,,,,,,,,,,,,,,,,,,,
SC2,05/09/2026,15:00,East Fife,Ross County,S Murdoch,6.5,3.9,1.42,6.5,4,1.4,7,4.2,1.4,6,4.1,1.41,7,4.2,1.4,6.25,4,1.4,7.25,4.33,1.43,6.55,4.13,1.41,6.2,3.75,1.36,1.85,1.95,1.85,2,1.79,1.93,1.8,1.9,1.25,1.8,2,1.8,2,1.75,1.96,1.69,1.84,,,,,,,,,,,,,,,,,,,,,,,,,,,,,,,,,,,,,,,,,,,,
SC2,05/09/2026,15:00,East Kilbride,Hamilton,C Steven,2.2,3.7,2.75,2.2,3.5,2.75,2.25,3.4,2.8,2.2,3.4,2.7,2.25,3.6,2.7,2.2,3.5,2.63,2.25,3.75,2.8,2.23,3.54,2.71,2.32,3.6,2.74,1.7,2.1,1.7,2.2,1.66,2.1,1.61,2.04,-0.25,2,1.8,2,1.8,1.95,1.76,2.04,1.66,,,,,,,,,,,,,,,,,,,,,,,,,,,,,,,,,,,,,,,,,,,,
SC2,05/09/2026,15:00,Peterhead,Montrose,C Ashwood,2.1,3.4,3,2.1,3.4,2.88,2.15,3.4,3,2.05,3.4,2.87,2.05,3.6,2.9,2.05,3.5,2.88,2.15,3.6,3.1,2.1,3.43,2.96,1.99,3,2.74,1.75,2.05,1.75,2.1,1.69,2.06,1.62,1.9,-0.25,1.9,1.9,1.9,1.9,1.84,1.85,1.76,1.81,,,,,,,,,,,,,,,,,,,,,,,,,,,,,,,,,,,,,,,,,,,,
SC2,05/09/2026,15:00,Queen of Sth,Airdrie Utd,R Birrell,2.5,3.5,2.4,2.5,3.4,2.4,2.6,3.3,2.45,2.5,3.3,2.37,2.5,3.5,2.5,2.45,3.4,2.45,2.6,3.5,2.5,2.52,3.4,2.43,2.56,3.35,2.44,1.8,2,1.8,2,1.76,1.96,1.8,1.97,0,1.95,1.85,1.95,1.85,1.89,1.82,1.92,1.83,,,,,,,,,,,,,,,,,,,,,,,,,,,,,,,,,,,,,,,,,,,,
SC3,05/09/2026,15:00,Clyde,Edinburgh City,A Grieve,1.83,3.7,3.6,1.73,3.75,3.75,1.8,3.6,3.7,1.73,3.7,3.7,1.73,3.8,4,1.7,3.6,3.75,1.83,4.2,4,1.78,3.75,3.63,1.77,3.65,3.2,1.65,2.2,1.65,2.2,1.61,2.18,1.51,2.06,-0.5,1.83,1.98,1.83,1.98,1.79,1.91,1.77,1.86,,,,,,,,,,,,,,,,,,,,,,,,,,,,,,,,,,,,,,,,,,,,
SC3,05/09/2026,15:00,Dumbarton,Elgin,D Graves,3.6,3.7,1.83,3.4,3.6,1.83,3.75,3.6,1.8,3.7,3.5,1.77,3.5,3.7,1.85,3.4,3.5,1.83,3.75,3.75,1.85,3.62,3.6,1.81,4.1,4,1.84,1.7,2.1,1.7,2.1,1.66,2.09,1.71,2.14,0.5,1.98,1.83,1.98,1.83,1.9,1.8,2.11,1.84,,,,,,,,,,,,,,,,,,,,,,,,,,,,,,,,,,,,,,,,,,,,
SC3,05/09/2026,15:00,Forfar,Stranraer,G Hanvidge,2.7,3.3,2.3,2.75,3.25,2.3,2.75,3.2,2.38,2.7,3.1,2.3,2.75,3.3,2.3,2.7,3.25,2.25,2.85,3.3,2.38,2.73,3.23,2.31,2.62,2.78,2.16,1.98,1.83,1.98,1.83,1.92,1.79,1.94,1.6,0,2.05,1.75,2.05,1.75,1.99,1.73,1.92,1.6,,,,,,,,,,,,,,,,,,,,,,,,,,,,,,,,,,,,,,,,,,,,
SC3,05/09/2026,15:00,Kelty Hearts,Annan Athletic,G Soutar,2.1,3.5,3,1.95,3.5,3.2,2.05,3.5,3.1,2,3.5,2.9,1.95,3.6,3.3,1.91,3.5,3.1,2.1,4,3.3,2.03,3.59,2.99,2.2,3.95,3.05,1.67,2.15,1.67,2.15,1.65,2.1,1.29,2.28,-0.25,1.85,1.95,1.85,1.95,1.81,1.9,1.93,1.94,,,,,,,,,,,,,,,,,,,,,,,,,,,,,,,,,,,,,,,,,,,,
SC3,05/09/2026,15:00,Stirling,Spartans,A Hendry,3.5,3.6,1.85,3.25,3.6,1.91,3.5,3.6,1.87,3.4,3.5,1.85,3.3,3.7,1.91,3.25,3.5,1.85,3.6,3.7,1.91,3.43,3.55,1.87,3.55,3.55,1.83,1.7,2.1,1.7,2.15,1.66,2.1,1.57,1.98,0.5,1.9,1.9,1.9,1.9,1.84,1.85,2.11,1.83,,,,,,,,,,,,,,,,,,,,,,,,,,,,,,,,,,,,,,,,,,,,
SP1,04/09/2026,20:00,Betis,Real Madrid,,7,5.25,1.38,6.5,5,1.44,6.5,5.25,1.4,5.5,5,1.47,6.5,5,1.4,6.5,5,1.36,7,5.25,1.47,6.33,5.06,1.42,7.2,5.3,1.47,1.36,3.2,1.38,3.2,1.35,3.05,1.42,3.3,1.25,1.95,1.9,1.95,1.9,1.89,1.85,1.99,1.97,,,,,,,,,,,,,,,,,,,,,,,,,,,,,,,,,,,,,,,,,,,,
SP1,05/09/2026,15:15,Ath Bilbao,Ath Madrid,,3.1,3.3,2.3,2.88,3.5,2.38,3,3.5,2.3,2.9,3.4,2.35,2.88,3.4,2.38,2.8,3.4,2.38,3.1,3.5,2.38,2.97,3.41,2.33,3.3,3.55,2.4,1.91,1.91,1.91,1.91,1.85,1.89,1.96,1.99,0.25,1.85,2,1.85,2,1.8,1.95,1.9,2.06,,,,,,,,,,,,,,,,,,,,,,,,,,,,,,,,,,,,,,,,,,,,
SP1,05/09/2026,17:30,Vallecano,Santander,,2.25,3.25,3.3,2.25,3.5,3.1,2.25,3.5,3.1,2.3,3.4,3,2.2,3.3,3.25,2.2,3.25,3.2,2.3,3.5,3.3,2.25,3.38,3.12,2.34,3.5,3.45,1.83,2.03,1.83,2.03,1.79,1.96,1.88,2.1,-0.25,1.98,1.88,1.98,1.88,1.91,1.83,2,1.98,,,,,,,,,,,,,,,,,,,,,,,,,,,,,,,,,,,,,,,,,,,,
SP1,05/09/2026,20:00,Villarreal,La Coruna,,1.5,4.2,6.5,1.44,4.5,7,1.45,4.5,7,1.5,4.4,6.25,1.4,4.4,7,1.44,4.33,6.5,1.5,4.6,7.3,1.46,4.44,6.58,1.53,4.7,7,1.73,2.1,1.73,2.15,1.69,2.1,1.76,2.26,-1,1.75,2.05,1.75,2.1,1.71,2.05,1.84,2.12,,,,,,,,,,,,,,,,,,,,,,,,,,,,,,,,,,,,,,,,,,,,
SP1,06/09/2026,15:15,Valencia,Barcelona,,10,5.75,1.29,9,6,1.29,9,5.5,1.25,8.75,5.75,1.31,9.5,5.5,1.25,9.5,5.75,1.25,11,6.5,1.31,9.13,5.81,1.27,11.5,6.6,1.31,1.36,3.2,1.38,3.2,1.36,3.03,1.41,3.35,1.75,1.88,1.98,1.88,1.98,1.84,1.91,1.94,1.94,,,,,,,,,,,,,,,,,,,,,,,,,,,,,,,,,,,,,,,,,,,,
SP1,06/09/2026,17:30,Alaves,Osasuna,,2.25,3.1,3.5,2.25,3.1,3.5,2.2,3,3.3,2.25,3.1,3.4,2.2,3,3.4,2.2,3.1,3.4,2.3,3.1,3.55,2.23,3.04,3.43,2.38,3.1,3.8,2.5,1.53,2.5,1.53,2.43,1.52,2.66,1.58,-0.25,1.93,1.93,1.93,1.93,1.87,1.87,1.99,1.98,,,,,,,,,,,,,,,,,,,,,,,,,,,,,,,,,,,,,,,,,,,,
SP1,06/09/2026,17:30,Malaga,Levante,,2.38,3.25,3,2.5,3.3,2.88,2.3,3.25,2.8,2.45,3.25,2.9,2.3,3.2,3,2.3,3.2,3,2.56,3.35,3,2.39,3.25,2.91,2.46,3.4,3.25,1.98,1.88,1.98,1.88,1.91,1.83,1.99,1.94,-0.25,2.05,1.8,2.1,1.8,2.02,1.74,2.1,1.88,,,,,,,,,,,,,,,,,,,,,,,,,,,,,,,,,,,,,,,,,,,,
SP1,06/09/2026,20:00,Espanol,Sevilla,,2.3,3.1,3.4,2.3,3.2,3.2,2.2,3,3.25,2.25,3.25,3.25,2.15,3.1,3.4,2.2,3.1,3.4,2.3,3.25,3.45,2.24,3.12,3.31,2.34,3.3,3.6,2.38,1.57,2.38,1.6,2.31,1.56,2.46,1.66,-0.25,1.95,1.9,1.95,1.9,1.9,1.85,2,1.97,,,,,,,,,,,,,,,,,,,,,,,,,,,,,,,,,,,,,,,,,,,,
SP1,07/09/2026,18:00,Getafe,Celta,,2.4,2.9,3.4,2.6,3,3,2.3,2.8,3.25,2.45,2.85,3.3,2.3,2.8,3.3,2.38,2.8,3.3,2.6,3,3.4,2.4,2.86,3.28,2.52,2.98,3.65,3,1.4,3,1.45,2.83,1.39,3.1,1.44,-0.25,2.03,1.83,2.03,1.83,1.96,1.78,2.1,1.89,,,,,,,,,,,,,,,,,,,,,,,,,,,,,,,,,,,,,,,,,,,,
SP1,07/09/2026,20:30,Elche,Sociedad,,3.1,3.25,2.38,2.8,3.6,2.38,2.75,3.4,2.3,2.85,3.5,2.37,2.88,3.3,2.38,2.88,3.25,2.38,3.1,3.6,2.38,2.86,3.42,2.35,3.05,3.5,2.5,1.8,2,1.8,2,1.77,1.97,1.82,2.14,0.25,1.8,2.05,1.8,2.05,1.75,2,1.84,2.14,,,,,,,,,,,,,,,,,,,,,,,,,,,,,,,,,,,,,,,,,,,,
SP2,04/09/2026,19:30,Las Palmas,Leganes,,1.91,3.5,3.7,1.9,3.4,3.75,1.95,3.4,3.5,1.95,3.3,3.5,1.85,3.3,3.75,1.83,3.25,3.6,1.98,3.5,4,1.92,3.36,3.71,2.1,3.55,4,1.85,1.95,1.93,1.95,1.87,1.85,1.99,1.99,-0.5,2,1.8,2,1.85,1.91,1.8,2.12,1.88,,,,,,,,,,,,,,,,,,,,,,,,,,,,,,,,,,,,,,,,,,,,
SP2,05/09/2026,13:00,Sociedad B,Tenerife,,2.5,3.2,2.75,2.5,3.2,2.63,2.5,3.1,2.7,2.55,3.1,2.65,2.5,3.1,2.6,2.45,3.1,2.5,2.6,3.2,2.8,2.53,3.13,2.69,2.66,3.2,2.9,2.15,1.67,2.2,1.7,2.13,1.65,2.2,1.66,0,1.8,2,1.83,2,1.8,1.93,1.89,2.04,,,,,,,,,,,,,,,,,,,,,,,,,,,,,,,,,,,,,,,,,,,,
SP2,05/09/2026,15:15,Sp Gijon,Girona,,2.75,3.25,2.45,2.75,3.3,2.38,2.7,3.25,2.4,2.7,3.2,2.37,2.7,3.3,2.3,2.7,3.25,2.25,2.8,3.3,2.52,2.74,3.24,2.41,2.96,3.35,2.52,1.95,1.85,1.98,1.85,1.92,1.81,1.96,1.9,0.25,1.75,2.05,1.77,2.05,1.72,2.02,1.81,2.09,,,,,,,,,,,,,,,,,,,,,,,,,,,,,,,,,,,,,,,,,,,,
SP2,05/09/2026,17:30,Ceuta,Celta B,,2.01,3.5,3.5,2,3.5,3.3,2,3.4,3.3,1.98,3.4,3.3,1.95,3.4,3.3,1.95,3.3,3.25,2.08,3.5,3.5,2.01,3.41,3.36,2.08,3.6,3.65,1.85,1.95,1.85,2,1.79,1.95,1.82,1.92,-0.5,2.03,1.78,2.03,1.8,1.98,1.74,2.08,1.83,,,,,,,,,,,,,,,,,,,,,,,,,,,,,,,,,,,,,,,,,,,,
SP2,05/09/2026,17:30,Valladolid,Andorra,,2.4,3.25,2.82,2.38,3.3,2.75,2.3,3.25,2.8,2.37,3.25,2.7,2.3,3.25,2.7,2.3,3.1,2.7,2.45,3.3,2.9,2.37,3.23,2.79,2.48,3.35,3.05,1.95,1.85,1.98,1.85,1.92,1.8,2.02,1.86,-0.25,2.05,1.75,2.08,1.75,2.03,1.72,2.14,1.83,,,,,,,,,,,,,,,,,,,,,,,,,,,,,,,,,,,,,,,,,,,,
SP2,05/09/2026,20:00,Eldense,Mallorca,,3.5,3.4,2.01,3.3,3.3,2.05,3.4,3.3,2,3.4,3.25,2,3.25,3.3,2,3.1,3.25,2,3.5,3.4,2.1,3.38,3.31,2.03,3.7,3.2,2.06,2,1.8,2,1.8,1.98,1.76,2,1.86,0.5,1.78,2.03,1.78,2.05,1.72,2.01,1.84,2.08,,,,,,,,,,,,,,,,,,,,,,,,,,,,,,,,,,,,,,,,,,,,
SP2,06/09/2026,13:00,Eibar,Granada,,1.96,3.3,3.8,1.91,3.25,3.75,1.95,3.2,3.7,1.95,3.1,3.75,1.85,3.25,4,1.83,3.1,3.9,2,3.3,4,1.94,3.23,3.77,2.12,3.4,3.7,2.25,1.62,2.25,1.65,2.2,1.61,2.32,1.67,-0.5,2.03,1.78,2.03,1.8,1.96,1.76,,,,,,,,,,,,,,,,,,,,,,,,,,,,,,,,,,,,,,,,,,,,,,
SP2,06/09/2026,15:15,Oviedo,Burgos,,1.86,3.25,4.33,1.95,3.1,4,1.87,3.1,4.2,1.9,3.1,4.1,1.91,3,3.8,1.91,3,3.75,2,3.25,4.33,1.91,3.12,4.11,1.97,3.25,4.7,2.6,1.48,2.6,1.53,2.5,1.49,2.5,1.25,-0.5,1.9,1.9,1.93,1.9,1.88,1.82,,,,,,,,,,,,,,,,,,,,,,,,,,,,,,,,,,,,,,,,,,,,,,
SP2,06/09/2026,17:30,Castellon,Albacete,,1.49,4,6,1.57,4,5,1.5,4.1,5.25,1.55,4,5,1.53,4,5,1.53,3.9,4.75,1.57,4.2,6,1.54,4.03,5.22,1.57,4.3,5.5,1.67,2.15,1.67,2.25,1.63,2.18,1.59,2.02,-1,1.93,1.88,1.93,1.88,1.89,1.84,,,,,,,,,,,,,,,,,,,,,,,,,,,,,,,,,,,,,,,,,,,,,,
SP2,06/09/2026,20:00,Almeria,Cadiz,,1.46,4.2,6,1.5,4,6,1.5,4,5.5,1.52,4,5.5,1.44,4.2,5.5,1.44,4,5.5,1.52,4.35,6,1.49,4.12,5.73,1.53,4.3,6.2,1.75,2.05,1.75,2.1,1.71,2.03,1.76,2.06,-1,1.9,1.9,1.9,1.93,1.83,1.89,,,,,,,,,,,,,,,,,,,,,,,,,,,,,,,,,,,,,,,,,,,,,,
SP2,07/09/2026,19:30,Sabadell,Cordoba,,2.1,3.25,3.3,2.25,3.25,3,2.15,3.2,3.2,2.2,3.1,3.1,2.2,3.25,3,2.15,3,2.8,2.25,3.3,3.4,2.18,3.19,3.15,2.24,2.86,3.35,2.08,1.73,2.1,1.75,2.05,1.7,,,-0.25,1.85,1.95,1.9,1.95,1.84,1.89,,,,,,,,,,,,,,,,,,,,,,,,,,,,,,,,,,,,,,,,,,,,,,
T1,04/09/2026,18:00,Buyuksehyr,Galatasaray,,5,4.33,1.51,4.6,4.33,1.57,5,4.2,1.5,4.6,4.2,1.61,5,4.2,1.53,4.75,4,1.53,5,4.5,1.61,4.86,4.29,1.54,5.7,4.7,1.61,1.48,2.6,1.48,2.88,1.44,2.63,1.5,2.92,1,1.8,2,1.83,2,1.79,1.94,1.89,2.03,,,,,,,,,,,,,,,,,,,,,,,,,,,,,,,,,,,,,,,,,,,,
T1,05/09/2026,15:00,Erzurumspor,Konyaspor,,2.2,3.4,2.85,2.3,3.3,2.88,2.25,3.2,3,2.25,3.3,3,2.25,3.3,2.8,2.2,3.25,2.75,2.3,3.4,3,2.26,3.29,2.91,2.38,3.3,3.25,2.08,1.73,2.08,1.8,2,1.74,2.1,1.73,-0.25,2,1.8,2,1.8,1.94,1.78,2.03,1.92,,,,,,,,,,,,,,,,,,,,,,,,,,,,,,,,,,,,,,,,,,,,
T1,05/09/2026,18:00,Fenerbahce,Besiktas,,1.76,3.7,3.9,1.73,3.75,4,1.8,3.6,3.8,1.8,3.7,4,1.75,3.8,4,1.73,3.6,3.75,1.84,3.8,4,1.79,3.7,3.89,1.92,3.85,4.3,1.7,2.1,1.7,2.2,1.66,2.11,1.68,2.18,-0.5,1.8,2,1.8,2,1.77,1.94,1.92,2.04,,,,,,,,,,,,,,,,,,,,,,,,,,,,,,,,,,,,,,,,,,,,
T1,06/09/2026,15:00,Corum,Eyupspor,,1.62,3.5,4.75,1.7,3.6,4.5,1.67,3.6,4.6,1.72,3.7,4.6,1.67,3.7,4.5,1.67,3.5,4.2,1.73,3.7,5,1.68,3.62,4.56,1.75,3.65,5.7,1.95,1.85,1.95,1.91,1.88,1.84,1.92,1.25,-0.75,1.95,1.85,1.95,1.85,1.89,1.83,,,,,,,,,,,,,,,,,,,,,,,,,,,,,,,,,,,,,,,,,,,,,,
T1,06/09/2026,15:00,Kasimpasa,Amedspor,,2.1,3.3,3.2,2.15,3.3,3.1,2.15,3.2,3.2,2.15,3.3,3.2,2.05,3.3,3.3,2.05,3.1,3.1,2.2,3.4,3.3,2.13,3.27,3.18,1.1,3.2,3.7,2.1,1.7,2.1,1.73,2.04,1.71,1.36,1.25,-0.25,2.03,1.78,2.03,1.95,1.93,1.8,,,,,,,,,,,,,,,,,,,,,,,,,,,,,,,,,,,,,,,,,,,,,,
T1,06/09/2026,18:00,Kocaelispor,Samsunspor,,2.4,3.1,2.82,2.4,3.1,2.88,2.4,3.1,2.8,2.55,3.1,2.75,2.4,3,2.88,2.38,2.9,2.8,2.55,3.1,3,2.43,3.03,2.86,2.56,3.1,3.2,2.2,1.65,2.2,1.7,2.13,1.65,2.2,1.18,0,1.75,2.05,1.75,2.05,1.72,2.02,,,,,,,,,,,,,,,,,,,,,,,,,,,,,,,,,,,,,,,,,,,,,,
T1,06/09/2026,18:00,Trabzonspor,Genclerbirligi,,1.49,4,5.5,1.53,4,5.5,1.53,3.9,5.25,1.58,4.1,5.25,1.5,4,5.5,1.5,3.8,5,1.58,4.2,5.7,1.53,3.99,5.3,1.53,4.5,6.2,1.73,2.08,1.73,2.1,1.71,2.03,1.02,2.1,-1,1.95,1.85,1.95,1.85,1.91,1.82,,,,,,,,,,,,,,,,,,,,,,,,,,,,,,,,,,,,,,,,,,,,,,
T1,07/09/2026,18:00,Goztep,Gaziantep,,1.79,3.6,3.8,1.83,3.5,3.75,1.83,3.5,3.8,1.85,3.6,3.9,1.8,3.6,3.8,1.75,3.3,3.5,1.88,3.65,3.95,1.82,3.55,3.79,1.91,3.55,4.3,1.8,2,1.8,2,1.77,1.96,,,-0.5,1.85,1.95,1.85,1.95,1.81,1.89,,,,,,,,,,,,,,,,,,,,,,,,,,,,,,,,,,,,,,,,,,,,,,
T1,07/09/2026,18:00,Rizespor,Alanyaspor,,1.81,3.3,4.1,1.9,3.4,3.75,1.85,3.4,3.8,1.93,3.4,3.9,1.85,3.4,3.8,1.8,3.2,3.5,1.93,3.5,4.1,1.87,3.36,3.84,1.89,3.55,4.6,2,1.8,2,1.83,1.93,1.79,,,-0.5,1.9,1.9,1.9,1.9,1.85,1.85,,,,,,,,,,,,,,,,,,,,,,,,,,,,,,,,,,,,,,,,,,,,,,
